{
  "designerVersion" : "1.11.52",
  "id" : "IncidenciasPage",
  "name" : "IncidenciasPage",
  "lastUpdate" : 1604618785110,
  "rows" : [
    [
      {
        "type" : "container",
        "dimension" : {
          "xs" : 1
        },
        "propertyValues" : {
          "cssClasses" : {
            "type" : "constant",
            "value" : ""
          },
          "hidden" : {
            "type" : "constant",
            "value" : false
          },
          "repeatedCollection" : {
            "type" : "variable",
            "value" : ""
          }
        },
        "reference" : "385ac0bb-7769-4c6b-bb5d-44875938159a",
        "hasValidationError" : false,
        "id" : "pbContainer",
        "rows" : [
          [ ]
        ]
      },
      {
        "type" : "container",
        "dimension" : {
          "xs" : 10
        },
        "propertyValues" : {
          "cssClasses" : {
            "type" : "constant",
            "value" : ""
          },
          "hidden" : {
            "type" : "constant",
            "value" : false
          },
          "repeatedCollection" : {
            "type" : "variable",
            "value" : ""
          }
        },
        "reference" : "a3239384-1ed6-467c-b700-4f50139e9f5a",
        "hasValidationError" : false,
        "id" : "pbContainer",
        "rows" : [
          [
            {
              "type" : "component",
              "dimension" : {
                "xs" : 12
              },
              "propertyValues" : {
                "cssClasses" : {
                  "type" : "constant",
                  "value" : ""
                },
                "hidden" : {
                  "type" : "constant",
                  "value" : false
                },
                "text" : {
                  "type" : "interpolation",
                  "value" : "Incidencias"
                },
                "level" : {
                  "type" : "constant",
                  "value" : "Level 2"
                },
                "alignment" : {
                  "type" : "constant",
                  "value" : "center"
                }
              },
              "reference" : "b1550b04-f894-48d7-8ea1-0c8f8de741a1",
              "hasValidationError" : false,
              "id" : "pbTitle"
            }
          ],
          [
            {
              "type" : "formContainer",
              "dimension" : {
                "xs" : 12
              },
              "propertyValues" : {
                "cssClasses" : {
                  "type" : "constant",
                  "value" : ""
                },
                "hidden" : {
                  "type" : "constant",
                  "value" : false
                }
              },
              "reference" : "7974582c-e3bf-44bd-814d-7e441c0d1a93",
              "hasValidationError" : false,
              "id" : "pbFormContainer",
              "container" : {
                "type" : "container",
                "dimension" : {
                  "xs" : 12
                },
                "propertyValues" : { },
                "reference" : "3546b95e-735c-4fda-9079-d39e62c199ac",
                "hasValidationError" : false,
                "id" : "pbContainer",
                "rows" : [
                  [
                    {
                      "type" : "component",
                      "dimension" : {
                        "xs" : 9
                      },
                      "propertyValues" : {
                        "cssClasses" : {
                          "type" : "constant",
                          "value" : ""
                        },
                        "hidden" : {
                          "type" : "constant",
                          "value" : false
                        },
                        "labelHidden" : {
                          "type" : "constant",
                          "value" : true
                        },
                        "label" : {
                          "type" : "interpolation",
                          "value" : "Default label"
                        },
                        "labelPosition" : {
                          "type" : "constant",
                          "value" : "top"
                        },
                        "labelWidth" : {
                          "type" : "constant",
                          "value" : 4
                        },
                        "allowHTML" : {
                          "type" : "constant",
                          "value" : true
                        },
                        "text" : {
                          "type" : "interpolation",
                          "value" : "<div class=\"alert alert-info\" translate><i class=\"\tglyphicon glyphicon-ok\" ></i>A continuacion, ingrese la Placa del flujo para mostrar las incidencias</div>"
                        },
                        "alignment" : {
                          "type" : "constant",
                          "value" : "left"
                        }
                      },
                      "reference" : "8fadce4a-41da-4838-80ec-27ef621bd414",
                      "hasValidationError" : false,
                      "id" : "pbText"
                    }
                  ],
                  [
                    {
                      "type" : "component",
                      "dimension" : {
                        "xs" : 4
                      },
                      "propertyValues" : {
                        "cssClasses" : {
                          "type" : "constant",
                          "value" : ""
                        },
                        "hidden" : {
                          "type" : "constant",
                          "value" : false
                        },
                        "required" : {
                          "type" : "constant",
                          "value" : false
                        },
                        "minLength" : {
                          "type" : "constant",
                          "value" : ""
                        },
                        "maxLength" : {
                          "type" : "constant",
                          "value" : ""
                        },
                        "readOnly" : {
                          "type" : "constant",
                          "value" : false
                        },
                        "labelHidden" : {
                          "type" : "constant",
                          "value" : false
                        },
                        "label" : {
                          "type" : "interpolation",
                          "value" : "Placa"
                        },
                        "labelPosition" : {
                          "type" : "constant",
                          "value" : "top"
                        },
                        "labelWidth" : {
                          "type" : "constant",
                          "value" : 4
                        },
                        "placeholder" : {
                          "type" : "interpolation"
                        },
                        "value" : {
                          "type" : "variable",
                          "value" : "Placa"
                        },
                        "type" : {
                          "type" : "constant",
                          "value" : "text"
                        },
                        "min" : {
                          "type" : "constant"
                        },
                        "max" : {
                          "type" : "constant"
                        },
                        "step" : {
                          "type" : "constant",
                          "value" : 1
                        }
                      },
                      "reference" : "343595de-459a-4d59-8450-72f9016c2763",
                      "hasValidationError" : false,
                      "id" : "pbInput"
                    }
                  ],
                  [
                    {
                      "type" : "component",
                      "dimension" : {
                        "xs" : 12
                      },
                      "propertyValues" : {
                        "cssClasses" : {
                          "type" : "constant",
                          "value" : ""
                        },
                        "hidden" : {
                          "type" : "expression",
                          "value" : "!flujoNoValido"
                        },
                        "labelHidden" : {
                          "type" : "constant",
                          "value" : true
                        },
                        "label" : {
                          "type" : "interpolation",
                          "value" : "Default label"
                        },
                        "labelPosition" : {
                          "type" : "constant",
                          "value" : "top"
                        },
                        "labelWidth" : {
                          "type" : "constant",
                          "value" : 4
                        },
                        "allowHTML" : {
                          "type" : "constant",
                          "value" : true
                        },
                        "text" : {
                          "type" : "interpolation",
                          "value" : "<div class=\"alert alert-danger\" translate><i class=\"\tglyphicon glyphicon-remove\" ></i>El numero de placa {{Placa}} no valido, no registrado en el SCG…</div>"
                        },
                        "alignment" : {
                          "type" : "constant",
                          "value" : "left"
                        }
                      },
                      "reference" : "e990229f-8d87-49f6-8843-ea1fb925c248",
                      "hasValidationError" : false,
                      "id" : "pbText"
                    }
                  ],
                  [
                    {
                      "type" : "component",
                      "dimension" : {
                        "xs" : 9
                      },
                      "propertyValues" : {
                        "cssClasses" : {
                          "type" : "constant",
                          "value" : ""
                        },
                        "hidden" : {
                          "type" : "expression",
                          "value" : "flujoNoValido"
                        },
                        "labelHidden" : {
                          "type" : "constant",
                          "value" : true
                        },
                        "label" : {
                          "type" : "interpolation",
                          "value" : "Default label"
                        },
                        "labelPosition" : {
                          "type" : "constant",
                          "value" : "top"
                        },
                        "labelWidth" : {
                          "type" : "constant",
                          "value" : 4
                        },
                        "allowHTML" : {
                          "type" : "constant",
                          "value" : true
                        },
                        "text" : {
                          "type" : "interpolation",
                          "value" : "<div class=\"alert alert-success\" translate><i class=\"\tglyphicon glyphicon-ok\" ></i>Confirme el flujo al que desea seleccionar una incidencia</div>"
                        },
                        "alignment" : {
                          "type" : "constant",
                          "value" : "left"
                        }
                      },
                      "reference" : "cfe57313-867e-4f17-b9d2-6fbda6e6475b",
                      "hasValidationError" : false,
                      "id" : "pbText"
                    }
                  ],
                  [
                    {
                      "type" : "component",
                      "dimension" : {
                        "xs" : 12
                      },
                      "propertyValues" : {
                        "cssClasses" : {
                          "type" : "constant",
                          "value" : ""
                        },
                        "hidden" : {
                          "type" : "expression",
                          "value" : "flujoNoValido"
                        },
                        "allowHTML" : {
                          "type" : "constant",
                          "value" : true
                        },
                        "headers" : {
                          "type" : "constant",
                          "value" : [
                            "id",
                            "Placa",
                            "Estado",
                            "Fecha Inicio",
                            "Observación"
                          ]
                        },
                        "content" : {
                          "type" : "expression",
                          "value" : "flujo"
                        },
                        "columnsKey" : {
                          "type" : "constant",
                          "value" : [
                            "persistenceId",
                            "placa",
                            "estado_flujo",
                            "fecha_inicio | uiDate:'dd/mm/yyyy'",
                            "observacion_flujo"
                          ]
                        },
                        "selectedRow" : {
                          "type" : "variable",
                          "value" : "Selected"
                        },
                        "striped" : {
                          "type" : "constant",
                          "value" : false
                        },
                        "condensed" : {
                          "type" : "constant",
                          "value" : true
                        },
                        "bordered" : {
                          "type" : "constant",
                          "value" : true
                        }
                      },
                      "reference" : "3953a913-a41e-4841-9641-9d660325dc20",
                      "hasValidationError" : false,
                      "id" : "pbTable"
                    }
                  ]
                ]
              }
            }
          ],
          [
            {
              "type" : "formContainer",
              "dimension" : {
                "xs" : 12
              },
              "propertyValues" : {
                "cssClasses" : {
                  "type" : "constant",
                  "value" : ""
                },
                "hidden" : {
                  "type" : "expression",
                  "value" : "flujoNoValido || !Selected"
                }
              },
              "reference" : "c03f2bc7-28e1-441f-8aea-fca22b2be647",
              "hasValidationError" : false,
              "id" : "pbFormContainer",
              "container" : {
                "type" : "container",
                "dimension" : {
                  "xs" : 12
                },
                "propertyValues" : { },
                "reference" : "42922f3f-7429-43ea-a7cb-33e693d3ccf6",
                "hasValidationError" : false,
                "id" : "pbContainer",
                "rows" : [
                  [
                    {
                      "type" : "component",
                      "dimension" : {
                        "xs" : 4
                      },
                      "propertyValues" : {
                        "cssClasses" : {
                          "type" : "constant",
                          "value" : ""
                        },
                        "hidden" : {
                          "type" : "constant",
                          "value" : false
                        },
                        "disabled" : {
                          "type" : "constant",
                          "value" : false
                        },
                        "required" : {
                          "type" : "constant",
                          "value" : false
                        },
                        "labelHidden" : {
                          "type" : "constant",
                          "value" : false
                        },
                        "label" : {
                          "type" : "interpolation",
                          "value" : "Incidencia"
                        },
                        "labelPosition" : {
                          "type" : "constant",
                          "value" : "top"
                        },
                        "labelWidth" : {
                          "type" : "constant",
                          "value" : 4
                        },
                        "placeholder" : {
                          "type" : "interpolation",
                          "value" : "Seleccionar Incidencia"
                        },
                        "availableValues" : {
                          "type" : "expression",
                          "value" : "tiposIncidencias"
                        },
                        "displayedKey" : {
                          "type" : "constant",
                          "value" : "nombre_tipo_incidente"
                        },
                        "returnedKey" : {
                          "type" : "constant",
                          "value" : ""
                        },
                        "value" : {
                          "type" : "variable",
                          "value" : "tipoIncidencia"
                        }
                      },
                      "reference" : "14e054e6-1a74-43be-94d1-3e434aabb8d4",
                      "hasValidationError" : false,
                      "id" : "pbSelect"
                    },
                    {
                      "type" : "component",
                      "dimension" : {
                        "xs" : 8
                      },
                      "propertyValues" : {
                        "cssClasses" : {
                          "type" : "constant",
                          "value" : ""
                        },
                        "hidden" : {
                          "type" : "expression",
                          "value" : "tipoIncidencia.codigo_tipo_incidente==null"
                        },
                        "labelHidden" : {
                          "type" : "constant",
                          "value" : false
                        },
                        "label" : {
                          "type" : "interpolation",
                          "value" : "Proceso"
                        },
                        "labelPosition" : {
                          "type" : "constant",
                          "value" : "top"
                        },
                        "labelWidth" : {
                          "type" : "constant",
                          "value" : 4
                        },
                        "allowHTML" : {
                          "type" : "constant",
                          "value" : true
                        },
                        "text" : {
                          "type" : "interpolation",
                          "value" : "{{procesoByFlujo.codigo_proceso}} - {{procesoByFlujo.nombre_proceso}}"
                        },
                        "alignment" : {
                          "type" : "constant",
                          "value" : "left"
                        }
                      },
                      "reference" : "b3f760af-1e0b-476d-b80e-a1188a49ac3e",
                      "hasValidationError" : false,
                      "id" : "pbText"
                    }
                  ]
                ]
              }
            }
          ],
          [
            {
              "type" : "formContainer",
              "dimension" : {
                "xs" : 12
              },
              "propertyValues" : {
                "cssClasses" : {
                  "type" : "constant",
                  "value" : ""
                },
                "hidden" : {
                  "type" : "expression",
                  "value" : "flujoNoValido || tipoIncidencia.codigo_tipo_incidente ==null"
                }
              },
              "reference" : "998a587d-759b-479a-b692-4c27d69abc87",
              "hasValidationError" : false,
              "id" : "pbFormContainer",
              "container" : {
                "type" : "container",
                "dimension" : {
                  "xs" : 12
                },
                "propertyValues" : { },
                "reference" : "d5bf4200-2bfb-4e54-b99a-307cb5e03481",
                "hasValidationError" : false,
                "id" : "pbContainer",
                "rows" : [
                  [
                    {
                      "type" : "component",
                      "dimension" : {
                        "xs" : 6
                      },
                      "propertyValues" : {
                        "cssClasses" : {
                          "type" : "constant",
                          "value" : ""
                        },
                        "hidden" : {
                          "type" : "expression",
                          "value" : "tipoIncidencia.codigo_tipo_incidente=='01'"
                        },
                        "required" : {
                          "type" : "constant",
                          "value" : true
                        },
                        "minLength" : {
                          "type" : "constant",
                          "value" : ""
                        },
                        "maxLength" : {
                          "type" : "constant",
                          "value" : ""
                        },
                        "readOnly" : {
                          "type" : "constant",
                          "value" : false
                        },
                        "labelHidden" : {
                          "type" : "constant",
                          "value" : false
                        },
                        "label" : {
                          "type" : "interpolation",
                          "value" : "Placa"
                        },
                        "labelPosition" : {
                          "type" : "constant",
                          "value" : "top"
                        },
                        "labelWidth" : {
                          "type" : "constant",
                          "value" : 4
                        },
                        "placeholder" : {
                          "type" : "interpolation"
                        },
                        "value" : {
                          "type" : "variable",
                          "value" : "flujo[0].placa"
                        },
                        "type" : {
                          "type" : "constant",
                          "value" : "text"
                        },
                        "min" : {
                          "type" : "constant"
                        },
                        "max" : {
                          "type" : "constant"
                        },
                        "step" : {
                          "type" : "constant",
                          "value" : 1
                        }
                      },
                      "reference" : "2c1f3d78-2b96-4af9-b94b-5db20dff41cd",
                      "hasValidationError" : false,
                      "id" : "pbInput"
                    },
                    {
                      "type" : "component",
                      "dimension" : {
                        "xs" : 6
                      },
                      "propertyValues" : {
                        "cssClasses" : {
                          "type" : "constant",
                          "value" : ""
                        },
                        "hidden" : {
                          "type" : "expression",
                          "value" : "tipoIncidencia.codigo_tipo_incidente=='01'"
                        },
                        "disabled" : {
                          "type" : "constant",
                          "value" : false
                        },
                        "required" : {
                          "type" : "constant",
                          "value" : true
                        },
                        "labelHidden" : {
                          "type" : "constant",
                          "value" : false
                        },
                        "label" : {
                          "type" : "interpolation",
                          "value" : "Placa Pais"
                        },
                        "labelPosition" : {
                          "type" : "constant",
                          "value" : "top"
                        },
                        "labelWidth" : {
                          "type" : "constant",
                          "value" : 4
                        },
                        "placeholder" : {
                          "type" : "interpolation",
                          "value" : "Seleccione una opcion"
                        },
                        "availableValues" : {
                          "type" : "expression",
                          "value" : "placaPais"
                        },
                        "displayedKey" : {
                          "type" : "constant",
                          "value" : "nombre_pais"
                        },
                        "returnedKey" : {
                          "type" : "constant",
                          "value" : ""
                        },
                        "value" : {
                          "type" : "variable",
                          "value" : "placapaisByFlujo"
                        }
                      },
                      "reference" : "51a68594-5523-4239-916b-fc2438e71743",
                      "hasValidationError" : false,
                      "id" : "pbSelect"
                    }
                  ],
                  [
                    {
                      "type" : "component",
                      "dimension" : {
                        "xs" : 6
                      },
                      "propertyValues" : {
                        "cssClasses" : {
                          "type" : "constant",
                          "value" : ""
                        },
                        "hidden" : {
                          "type" : "expression",
                          "value" : "!placaNoValida || tipoIncidencia.codigo_tipo_incidente=='01'"
                        },
                        "labelHidden" : {
                          "type" : "constant",
                          "value" : true
                        },
                        "label" : {
                          "type" : "interpolation",
                          "value" : "Default label"
                        },
                        "labelPosition" : {
                          "type" : "constant",
                          "value" : "top"
                        },
                        "labelWidth" : {
                          "type" : "constant",
                          "value" : 4
                        },
                        "allowHTML" : {
                          "type" : "constant",
                          "value" : true
                        },
                        "text" : {
                          "type" : "interpolation",
                          "value" : "<div class=\"alert  alert-warning\">\n<i class=\"\tglyphicon glyphicon-alert\" ></i>  \nLa placa {{flujo[0].placa}} ingresada debe ser distinta a la placa actual.\n</div>"
                        },
                        "alignment" : {
                          "type" : "constant",
                          "value" : "left"
                        }
                      },
                      "reference" : "c3208d42-49b2-49b8-9107-d9406054739c",
                      "hasValidationError" : false,
                      "id" : "pbText"
                    }
                  ],
                  [
                    {
                      "type" : "component",
                      "dimension" : {
                        "xs" : 6
                      },
                      "propertyValues" : {
                        "cssClasses" : {
                          "type" : "constant",
                          "value" : ""
                        },
                        "hidden" : {
                          "type" : "expression",
                          "value" : "tipoIncidencia.codigo_tipo_incidente=='02'"
                        },
                        "required" : {
                          "type" : "constant",
                          "value" : true
                        },
                        "minLength" : {
                          "type" : "constant",
                          "value" : ""
                        },
                        "maxLength" : {
                          "type" : "constant",
                          "value" : ""
                        },
                        "readOnly" : {
                          "type" : "constant",
                          "value" : false
                        },
                        "labelHidden" : {
                          "type" : "constant",
                          "value" : false
                        },
                        "label" : {
                          "type" : "interpolation",
                          "value" : "Nombre Motorista"
                        },
                        "labelPosition" : {
                          "type" : "constant",
                          "value" : "top"
                        },
                        "labelWidth" : {
                          "type" : "constant",
                          "value" : 4
                        },
                        "placeholder" : {
                          "type" : "interpolation"
                        },
                        "value" : {
                          "type" : "variable",
                          "value" : "flujo[0].nombres_motorista"
                        },
                        "type" : {
                          "type" : "constant",
                          "value" : "text"
                        },
                        "min" : {
                          "type" : "constant"
                        },
                        "max" : {
                          "type" : "constant"
                        },
                        "step" : {
                          "type" : "constant",
                          "value" : 1
                        }
                      },
                      "reference" : "86727c85-e05f-498d-8859-3230d2d78959",
                      "hasValidationError" : false,
                      "id" : "pbInput"
                    },
                    {
                      "type" : "component",
                      "dimension" : {
                        "xs" : 6
                      },
                      "propertyValues" : {
                        "cssClasses" : {
                          "type" : "constant",
                          "value" : ""
                        },
                        "hidden" : {
                          "type" : "expression",
                          "value" : "tipoIncidencia.codigo_tipo_incidente=='02'"
                        },
                        "required" : {
                          "type" : "constant",
                          "value" : true
                        },
                        "minLength" : {
                          "type" : "constant",
                          "value" : ""
                        },
                        "maxLength" : {
                          "type" : "constant",
                          "value" : ""
                        },
                        "readOnly" : {
                          "type" : "constant",
                          "value" : false
                        },
                        "labelHidden" : {
                          "type" : "constant",
                          "value" : false
                        },
                        "label" : {
                          "type" : "interpolation",
                          "value" : "Apellido Motorista"
                        },
                        "labelPosition" : {
                          "type" : "constant",
                          "value" : "top"
                        },
                        "labelWidth" : {
                          "type" : "constant",
                          "value" : 4
                        },
                        "placeholder" : {
                          "type" : "interpolation"
                        },
                        "value" : {
                          "type" : "variable",
                          "value" : "flujo[0].apellidos_motorista"
                        },
                        "type" : {
                          "type" : "constant",
                          "value" : "text"
                        },
                        "min" : {
                          "type" : "constant"
                        },
                        "max" : {
                          "type" : "constant"
                        },
                        "step" : {
                          "type" : "constant",
                          "value" : 1
                        }
                      },
                      "reference" : "4e95bc44-c854-4904-892a-ab31ed807004",
                      "hasValidationError" : false,
                      "id" : "pbInput"
                    }
                  ],
                  [
                    {
                      "type" : "component",
                      "dimension" : {
                        "xs" : 6
                      },
                      "propertyValues" : {
                        "cssClasses" : {
                          "type" : "constant",
                          "value" : ""
                        },
                        "hidden" : {
                          "type" : "expression",
                          "value" : "tipoIncidencia.codigo_tipo_incidente=='02'"
                        },
                        "readOnly" : {
                          "type" : "constant",
                          "value" : false
                        },
                        "required" : {
                          "type" : "constant",
                          "value" : true
                        },
                        "labelHidden" : {
                          "type" : "constant",
                          "value" : false
                        },
                        "label" : {
                          "type" : "interpolation",
                          "value" : "Fecha Nacimiento Motorista"
                        },
                        "labelPosition" : {
                          "type" : "constant",
                          "value" : "top"
                        },
                        "labelWidth" : {
                          "type" : "constant",
                          "value" : 4
                        },
                        "value" : {
                          "type" : "variable",
                          "value" : "flujo[0].fecha_nac_motorista"
                        },
                        "dateFormat" : {
                          "type" : "constant",
                          "value" : "dd/MM/yyyy"
                        },
                        "placeholder" : {
                          "type" : "interpolation",
                          "value" : "Fecha Nacimiento (dd/MM/yyyy)"
                        },
                        "showToday" : {
                          "type" : "constant",
                          "value" : false
                        },
                        "todayLabel" : {
                          "type" : "interpolation",
                          "value" : "Today"
                        }
                      },
                      "reference" : "2ba379bd-f4a2-4144-ab41-deea64953c85",
                      "hasValidationError" : false,
                      "id" : "pbDatePicker"
                    },
                    {
                      "type" : "component",
                      "dimension" : {
                        "xs" : 6
                      },
                      "propertyValues" : {
                        "cssClasses" : {
                          "type" : "constant",
                          "value" : ""
                        },
                        "hidden" : {
                          "type" : "expression",
                          "value" : "tipoIncidencia.codigo_tipo_incidente=='02'"
                        },
                        "disabled" : {
                          "type" : "constant",
                          "value" : false
                        },
                        "required" : {
                          "type" : "constant",
                          "value" : true
                        },
                        "labelHidden" : {
                          "type" : "constant",
                          "value" : false
                        },
                        "label" : {
                          "type" : "interpolation",
                          "value" : "Pais Documento"
                        },
                        "labelPosition" : {
                          "type" : "constant",
                          "value" : "top"
                        },
                        "labelWidth" : {
                          "type" : "constant",
                          "value" : 4
                        },
                        "placeholder" : {
                          "type" : "interpolation",
                          "value" : "Seleccione una opcion"
                        },
                        "availableValues" : {
                          "type" : "expression",
                          "value" : "paisDocumento"
                        },
                        "displayedKey" : {
                          "type" : "constant",
                          "value" : "nombre_pais"
                        },
                        "returnedKey" : {
                          "type" : "constant"
                        },
                        "value" : {
                          "type" : "variable",
                          "value" : "paisdocumentoByFlujo"
                        }
                      },
                      "reference" : "888f56cf-5004-4455-a8a4-7c62845bbdf4",
                      "hasValidationError" : false,
                      "id" : "pbSelect"
                    }
                  ],
                  [
                    {
                      "type" : "component",
                      "dimension" : {
                        "xs" : 6
                      },
                      "propertyValues" : {
                        "cssClasses" : {
                          "type" : "constant",
                          "value" : ""
                        },
                        "hidden" : {
                          "type" : "expression",
                          "value" : "tipoIncidencia.codigo_tipo_incidente=='02'"
                        },
                        "disabled" : {
                          "type" : "constant",
                          "value" : false
                        },
                        "required" : {
                          "type" : "constant",
                          "value" : true
                        },
                        "labelHidden" : {
                          "type" : "constant",
                          "value" : false
                        },
                        "label" : {
                          "type" : "interpolation",
                          "value" : "Tipo Documento"
                        },
                        "labelPosition" : {
                          "type" : "constant",
                          "value" : "top"
                        },
                        "labelWidth" : {
                          "type" : "constant",
                          "value" : 4
                        },
                        "placeholder" : {
                          "type" : "interpolation",
                          "value" : "Seleccione una opcion"
                        },
                        "availableValues" : {
                          "type" : "expression",
                          "value" : "tipoDocumento"
                        },
                        "displayedKey" : {
                          "type" : "constant",
                          "value" : "label"
                        },
                        "returnedKey" : {
                          "type" : "constant",
                          "value" : "id"
                        },
                        "value" : {
                          "type" : "variable",
                          "value" : "flujo[0].tipo_documento"
                        }
                      },
                      "reference" : "8dc85a46-b9d0-4d58-9609-bddd5c6629ed",
                      "hasValidationError" : false,
                      "id" : "pbSelect"
                    },
                    {
                      "type" : "component",
                      "dimension" : {
                        "xs" : 6
                      },
                      "propertyValues" : {
                        "cssClasses" : {
                          "type" : "constant",
                          "value" : ""
                        },
                        "hidden" : {
                          "type" : "expression",
                          "value" : "tipoIncidencia.codigo_tipo_incidente=='02'"
                        },
                        "required" : {
                          "type" : "constant",
                          "value" : true
                        },
                        "minLength" : {
                          "type" : "constant",
                          "value" : ""
                        },
                        "maxLength" : {
                          "type" : "constant",
                          "value" : ""
                        },
                        "readOnly" : {
                          "type" : "constant",
                          "value" : false
                        },
                        "labelHidden" : {
                          "type" : "constant",
                          "value" : false
                        },
                        "label" : {
                          "type" : "interpolation",
                          "value" : "Documento Motorista"
                        },
                        "labelPosition" : {
                          "type" : "constant",
                          "value" : "top"
                        },
                        "labelWidth" : {
                          "type" : "constant",
                          "value" : 4
                        },
                        "placeholder" : {
                          "type" : "interpolation"
                        },
                        "value" : {
                          "type" : "variable",
                          "value" : "flujo[0].no_doc_motorista"
                        },
                        "type" : {
                          "type" : "constant",
                          "value" : "text"
                        },
                        "min" : {
                          "type" : "constant"
                        },
                        "max" : {
                          "type" : "constant"
                        },
                        "step" : {
                          "type" : "constant",
                          "value" : 1
                        }
                      },
                      "reference" : "303cbd69-6db8-47aa-8938-da1766090834",
                      "hasValidationError" : false,
                      "id" : "pbInput"
                    }
                  ],
                  [
                    {
                      "type" : "component",
                      "dimension" : {
                        "xs" : 12
                      },
                      "propertyValues" : {
                        "cssClasses" : {
                          "type" : "constant",
                          "value" : ""
                        },
                        "hidden" : {
                          "type" : "constant",
                          "value" : false
                        },
                        "readOnly" : {
                          "type" : "constant",
                          "value" : false
                        },
                        "required" : {
                          "type" : "constant",
                          "value" : true
                        },
                        "minLength" : {
                          "type" : "constant",
                          "value" : ""
                        },
                        "maxLength" : {
                          "type" : "constant",
                          "value" : ""
                        },
                        "labelHidden" : {
                          "type" : "constant",
                          "value" : false
                        },
                        "label" : {
                          "type" : "interpolation",
                          "value" : "Descripción de Incidente"
                        },
                        "labelPosition" : {
                          "type" : "constant",
                          "value" : "top"
                        },
                        "labelWidth" : {
                          "type" : "constant",
                          "value" : 4
                        },
                        "value" : {
                          "type" : "variable",
                          "value" : "descripcionIncidencia"
                        }
                      },
                      "reference" : "33c1bf2e-f8b0-49e6-8e34-123d978db803",
                      "hasValidationError" : false,
                      "id" : "pbTextarea"
                    }
                  ],
                  [
                    {
                      "type" : "component",
                      "dimension" : {
                        "xs" : 12
                      },
                      "propertyValues" : {
                        "cssClasses" : {
                          "type" : "constant",
                          "value" : "alert alert-danger col-lg-6 col-lg-offset-3"
                        },
                        "hidden" : {
                          "type" : "expression",
                          "value" : "!formOutput._submitError.message"
                        },
                        "labelHidden" : {
                          "type" : "constant",
                          "value" : true
                        },
                        "label" : {
                          "type" : "interpolation",
                          "value" : "Default label"
                        },
                        "labelPosition" : {
                          "type" : "constant",
                          "value" : "top"
                        },
                        "labelWidth" : {
                          "type" : "constant",
                          "value" : 4
                        },
                        "allowHTML" : {
                          "type" : "constant",
                          "value" : true
                        },
                        "text" : {
                          "type" : "interpolation",
                          "value" : "<strong>Error</strong>\n<br/>\n{{formOutput._submitError.message}}\n{{submit_errors_list}}"
                        },
                        "alignment" : {
                          "type" : "constant",
                          "value" : "left"
                        }
                      },
                      "reference" : "ede6f09d-4301-4cb0-9f17-c27e0d1f8005",
                      "hasValidationError" : false,
                      "id" : "pbText"
                    }
                  ],
                  [
                    {
                      "type" : "component",
                      "dimension" : {
                        "xs" : 12
                      },
                      "propertyValues" : {
                        "cssClasses" : {
                          "type" : "constant",
                          "value" : ""
                        },
                        "hidden" : {
                          "type" : "expression",
                          "value" : "flujoNoValido || tipoIncidencia.codigo_tipo_incidente==null"
                        },
                        "disabled" : {
                          "type" : "expression",
                          "value" : "$form.$invalid || (tipoIncidencia.codigo_tipo_incidente=='02' && placaNoValida) || !fechaMayorEdad"
                        },
                        "label" : {
                          "type" : "interpolation",
                          "value" : "Agregar Incidencia"
                        },
                        "alignment" : {
                          "type" : "constant",
                          "value" : "center"
                        },
                        "buttonStyle" : {
                          "type" : "constant",
                          "value" : "primary"
                        },
                        "action" : {
                          "type" : "constant",
                          "value" : "POST"
                        },
                        "url" : {
                          "type" : "interpolation",
                          "value" : "{{startTask}}"
                        },
                        "dataToSend" : {
                          "type" : "expression",
                          "value" : "formOutput"
                        },
                        "dataFromSuccess" : {
                          "type" : "variable",
                          "value" : "answer"
                        },
                        "dataFromError" : {
                          "type" : "variable",
                          "value" : "formOutput._submitError"
                        },
                        "targetUrlOnSuccess" : {
                          "type" : "interpolation",
                          "value" : "/bonita/apps/aplicacionSCGjefe/jefeincidencia/"
                        },
                        "collectionToModify" : {
                          "type" : "variable"
                        },
                        "collectionPosition" : {
                          "type" : "constant",
                          "value" : "Last"
                        },
                        "valueToAdd" : {
                          "type" : "constant"
                        },
                        "removeItem" : {
                          "type" : "variable"
                        },
                        "displayIcon" : {
                          "type" : "constant",
                          "value" : true
                        },
                        "buttonIcon" : {
                          "type" : "interpolation",
                          "value" : "floppy-disk"
                        },
                        "displayConfirm" : {
                          "type" : "constant",
                          "value" : true
                        },
                        "confirmMessage" : {
                          "type" : "interpolation",
                          "value" : "¿Esta seguro de agregar la incidencia?"
                        },
                        "customStyle" : {
                          "type" : "interpolation",
                          "value" : "{ }"
                        }
                      },
                      "reference" : "1e664c3a-fd5f-4f03-8d1b-32d501c0b555",
                      "hasValidationError" : false,
                      "id" : "customWidgetButton"
                    }
                  ]
                ]
              }
            }
          ]
        ]
      }
    ]
  ],
  "assets" : [
    {
      "id" : "f90d0d52-7d01-4094-8ffb-fb3f2b649d11",
      "name" : "style.css",
      "type" : "css",
      "order" : 0,
      "external" : false
    }
  ],
  "inactiveAssets" : [ ],
  "variables" : {
    "currentUser" : {
      "type" : "url",
      "value" : [
        "../API/system/session/1"
      ],
      "exposed" : false
    },
    "flujo" : {
      "type" : "businessdata",
      "value" : [
        "{\"displayValue\":\"qrFlujoPlacaActivo [com.company.model.Flujo]\",\"businessObjectName\":\"undefined\",\"query\":{\"name\":\"qrFlujoPlacaActivo\",\"displayName\":\"qrFlujoPlacaActivo\"},\"id\":\"com.company.model.Flujo\",\"filters\":[{\"name\":\"PLACA\",\"type\":\"STRING\",\"collection\":false,\"value\":\"{{Placa}}\"},{\"name\":\"ESTADO_FLUJO\",\"type\":\"STRING\",\"collection\":false,\"value\":\"I\"}],\"pagination\":{\"p\":\"0\",\"c\":\"1\"}}"
      ],
      "exposed" : false
    },
    "Selected" : {
      "type" : "constant",
      "exposed" : false
    },
    "Placa" : {
      "type" : "constant",
      "exposed" : false
    },
    "idIncidencia" : {
      "type" : "constant",
      "exposed" : false
    },
    "procesoByFlujo" : {
      "type" : "url",
      "value" : [
        "{{flujo[0]|lazyRef:'id_proceso'}}"
      ],
      "exposed" : false
    },
    "placapaisByFlujo" : {
      "type" : "url",
      "value" : [
        "{{flujo[0]|lazyRef:'placa_pais'}}"
      ],
      "exposed" : false
    },
    "paisdocumentoByFlujo" : {
      "type" : "url",
      "value" : [
        "{{flujo[0]|lazyRef:'pais_documento'}}"
      ],
      "exposed" : false
    },
    "paisDocumento" : {
      "type" : "businessdata",
      "value" : [
        "{\"displayValue\":\"find [com.company.model.Pais]\",\"businessObjectName\":\"Pais\",\"query\":{\"name\":\"find\",\"displayName\":\"find\"},\"id\":\"com.company.model.Pais\",\"filters\":[],\"pagination\":{\"p\":\"0\",\"c\":\"10\"}}"
      ],
      "exposed" : false
    },
    "placaPais" : {
      "type" : "businessdata",
      "value" : [
        "{\"displayValue\":\"find [com.company.model.Pais]\",\"businessObjectName\":\"Pais\",\"query\":{\"name\":\"find\",\"displayName\":\"find\"},\"id\":\"com.company.model.Pais\",\"filters\":[],\"pagination\":{\"p\":\"0\",\"c\":\"10\"}}"
      ],
      "exposed" : false
    },
    "tipoDocumento" : {
      "type" : "json",
      "value" : [
        "[",
        "    {",
        "        \"id\":\"0\",",
        "        \"label\":\"NO DEFINIDO\"",
        "    },",
        "    {",
        "        \"id\":\"1\",",
        "        \"label\":\"PASAPORTE\"",
        "    },",
        "    {",
        "        \"id\":\"2\",",
        "        \"label\":\"DOCUMENTO DE IDENTIDAD DEL PAIS\"",
        "    },",
        "    {",
        "        \"id\":\"3\",",
        "        \"label\":\"OTRO\"",
        "    }",
        "]"
      ],
      "exposed" : false
    },
    "formOutput" : {
      "type" : "expression",
      "value" : [
        "if($data.flujo && $data.flujo.length > 0  && $data.tipoIncidencia && $data.tipoIncidencia!==null){",
        "    return {",
        "        placa: $data.flujo[0].placa !== undefined ? $data.flujo[0].placa : null,",
        "        placa_pais: ($data.placapaisByFlujo !==null && $data.placapaisByFlujo.persistenceId_string !== undefined) ? $data.placapaisByFlujo.persistenceId_string : null,",
        "\t\ttipo_documento: $data.flujo[0].tipo_documento !== undefined ? $data.flujo[0].tipo_documento : null,",
        "\t\tno_doc_motorista: $data.flujo[0].no_doc_motorista !== undefined ? $data.flujo[0].no_doc_motorista : null,",
        "\t    pais_documento: ($data.paisdocumentoByFlujo!==null && $data.paisdocumentoByFlujo.persistenceId_string !== undefined) ? $data.paisdocumentoByFlujo.persistenceId_string : null,",
        "\t    nombres_motorista: $data.flujo[0].nombres_motorista !== undefined ? $data.flujo[0].nombres_motorista : null,",
        "\t    apellidos_motorista: $data.flujo[0].apellidos_motorista !== undefined ? $data.flujo[0].apellidos_motorista : null,",
        "\t    fecha_nac_motorista: $data.flujo[0].fecha_nac_motorista !== undefined ? $data.flujo[0].fecha_nac_motorista : null,",
        "\t    usuario_modificacion: $data.currentUser.user_id !== undefined ? $data.currentUser.user_id : null,",
        "\t    id_flujo: $data.flujo[0].persistenceId_string !== undefined ? $data.flujo[0].persistenceId_string : null,",
        "\t    id_tipo_incidente: $data.tipoIncidencia.persistenceId_string !== undefined ? $data.tipoIncidencia.persistenceId_string : null,",
        "\t    descripcion_incidente: $data.descripcionIncidencia !== undefined ? $data.descripcionIncidencia : null,",
        "\t    usuario_adicion: $data.currentUser.user_id !== undefined ? $data.currentUser.user_id : null,",
        "\t    codigo_tipo_incidente: $data.tipoIncidencia.codigo_tipo_incidente !== undefined ? $data.tipoIncidencia.codigo_tipo_incidente : null",
        "\t}",
        "}"
      ],
      "exposed" : false
    },
    "placaNoValida" : {
      "type" : "expression",
      "value" : [
        "if($data.Placa===undefined || $data.Placa===null){",
        "    return true;",
        "}",
        "if($data.flujo===undefined || $data.flujo.length===0){",
        "    return true;",
        "}",
        "if($data.flujo[0].placa===undefined || $data.flujo[0].placa===null){",
        "    return true;",
        "}",
        "return ($data.flujo[0].placa==$data.Placa);"
      ],
      "exposed" : false
    },
    "tiposIncidencias" : {
      "type" : "businessdata",
      "value" : [
        "{\"displayValue\":\"find [com.company.model.TipoIncidente]\",\"businessObjectName\":\"TipoIncidente\",\"query\":{\"name\":\"find\",\"displayName\":\"find\"},\"id\":\"com.company.model.TipoIncidente\",\"filters\":[],\"pagination\":{\"p\":\"0\",\"c\":\"10\"}}"
      ],
      "exposed" : false
    },
    "tipoIncidencia" : {
      "type" : "url",
      "value" : [
        "../{{context.tipoIncidencia_ref.link}}"
      ],
      "exposed" : false
    },
    "descripcionIncidencia" : {
      "type" : "constant",
      "value" : [
        ""
      ],
      "exposed" : false
    },
    "procesoSCG002" : {
      "type" : "url",
      "value" : [
        "../API/bpm/process?s=SCG002&p=0&c=1&o=version%20DESC&f=activationState=ENABLED"
      ],
      "exposed" : false
    },
    "answer" : {
      "type" : "constant",
      "exposed" : false
    },
    "submit_errors_list" : {
      "type" : "expression",
      "value" : [
        "if($data.formOutput && $data.formOutput._submitError && $data.formOutput._submitError.explanations){",
        "\tconst liElements = $data.formOutput._submitError.explanations",
        "\t\t.filter(cause => cause !== null)",
        "\t\t.map(cause => \"<li>\" + cause + \"</li>\")",
        "\t\t.join('');",
        "\tif(liElements){",
        "\t\treturn \"<ul>\" + liElements + \"</ul>\";",
        "\t}",
        "}"
      ],
      "exposed" : false
    },
    "startTask" : {
      "type" : "expression",
      "value" : [
        "if ($data.taskIncidencia  && $data.taskIncidencia.length > 0) {\r",
        "    var url =\"../API/bpm/userTask/\" + $data.taskIncidencia[0].id + \"/execution\";\r",
        "    return url;\r",
        "} else {\r",
        "  return null;\r",
        "}"
      ],
      "exposed" : false
    },
    "taskIncidencia" : {
      "type" : "url",
      "value" : [
        "../API/bpm/userTask?p=0&c=1&f=name=Incidencia&f=processId={{procesoSCG002[0].id}}"
      ],
      "exposed" : false
    },
    "procesoId" : {
      "type" : "expression",
      "value" : [
        "return $data.procesoSCG002[0].id;"
      ],
      "exposed" : false
    },
    "flujoNoValido" : {
      "type" : "expression",
      "value" : [
        "return $data.Placa!==undefined && $data.Placa!==null && ($data.flujo===undefined || $data.flujo.length===0);"
      ],
      "exposed" : false
    },
    "fechaMayorEdad" : {
      "type" : "expression",
      "value" : [
        "var fActual=new Date();",
        "fActual.setFullYear(fActual.getFullYear() - 18);",
        "var fNacimiento=($data.flujo[0].fecha_nac_motorista===undefined || $data.flujo[0].fecha_nac_motorista===null)?new Date():$data.flujo[0].fecha_nac_motorista;",
        "var dif=(fActual - fNacimiento);",
        "console.log(dif);",
        "return (dif>0);"
      ],
      "exposed" : false
    }
  },
  "hasValidationError" : false,
  "uuid" : "f2b43193-00c7-4321-bc42-20e7d8a2b43d",
  "type" : "page",
  "description" : "Page generated with Bonita UI designer"
}