{
  "designerVersion" : "1.11.46",
  "previousDesignerVersion" : "1.10.50",
  "id" : "Pruebaslink",
  "name" : "Pruebaslink",
  "lastUpdate" : 1602777474108,
  "rows" : [
    [
      {
        "type" : "container",
        "dimension" : {
          "xs" : 12
        },
        "propertyValues" : {
          "cssClasses" : {
            "type" : "constant",
            "value" : ""
          },
          "hidden" : {
            "type" : "constant",
            "value" : false
          },
          "repeatedCollection" : {
            "type" : "variable",
            "value" : ""
          }
        },
        "reference" : "a3239384-1ed6-467c-b700-4f50139e9f5a",
        "hasValidationError" : false,
        "id" : "pbContainer",
        "rows" : [
          [
            {
              "type" : "component",
              "dimension" : {
                "xs" : 12
              },
              "propertyValues" : {
                "cssClasses" : {
                  "type" : "constant",
                  "value" : ""
                },
                "hidden" : {
                  "type" : "constant",
                  "value" : false
                },
                "text" : {
                  "type" : "interpolation",
                  "value" : "Cancelaciones"
                },
                "level" : {
                  "type" : "constant",
                  "value" : "Level 2"
                },
                "alignment" : {
                  "type" : "constant",
                  "value" : "left"
                }
              },
              "reference" : "b1550b04-f894-48d7-8ea1-0c8f8de741a1",
              "hasValidationError" : false,
              "id" : "pbTitle"
            }
          ],
          [
            {
              "type" : "component",
              "dimension" : {
                "xs" : 12
              },
              "propertyValues" : {
                "cssClasses" : {
                  "type" : "constant",
                  "value" : ""
                },
                "hidden" : {
                  "type" : "constant",
                  "value" : false
                },
                "labelHidden" : {
                  "type" : "constant",
                  "value" : true
                },
                "label" : {
                  "type" : "interpolation",
                  "value" : "Default label"
                },
                "labelPosition" : {
                  "type" : "constant",
                  "value" : "top"
                },
                "labelWidth" : {
                  "type" : "constant",
                  "value" : 4
                },
                "allowHTML" : {
                  "type" : "constant",
                  "value" : true
                },
                "text" : {
                  "type" : "interpolation",
                  "value" : "<div class=\"alert alert-info\" translate><i class=\"\tglyphicon glyphicon-ok\" ></i>A continuacion, ingrese la Placa del flujo que desea cancelar</div>"
                },
                "alignment" : {
                  "type" : "constant",
                  "value" : "left"
                }
              },
              "reference" : "8fadce4a-41da-4838-80ec-27ef621bd414",
              "hasValidationError" : false,
              "id" : "pbText"
            }
          ],
          [
            {
              "type" : "component",
              "dimension" : {
                "xs" : 12
              },
              "propertyValues" : {
                "cssClasses" : {
                  "type" : "constant",
                  "value" : ""
                },
                "hidden" : {
                  "type" : "constant",
                  "value" : false
                },
                "required" : {
                  "type" : "constant",
                  "value" : false
                },
                "minLength" : {
                  "type" : "constant",
                  "value" : ""
                },
                "maxLength" : {
                  "type" : "constant",
                  "value" : ""
                },
                "readOnly" : {
                  "type" : "constant",
                  "value" : false
                },
                "labelHidden" : {
                  "type" : "constant",
                  "value" : false
                },
                "label" : {
                  "type" : "interpolation",
                  "value" : "Placa"
                },
                "labelPosition" : {
                  "type" : "constant",
                  "value" : "top"
                },
                "labelWidth" : {
                  "type" : "constant",
                  "value" : 4
                },
                "placeholder" : {
                  "type" : "interpolation"
                },
                "value" : {
                  "type" : "variable",
                  "value" : "Placa"
                },
                "type" : {
                  "type" : "constant",
                  "value" : "text"
                },
                "min" : {
                  "type" : "constant"
                },
                "max" : {
                  "type" : "constant"
                },
                "step" : {
                  "type" : "constant",
                  "value" : 1
                }
              },
              "reference" : "343595de-459a-4d59-8450-72f9016c2763",
              "hasValidationError" : false,
              "id" : "pbInput"
            }
          ],
          [
            {
              "type" : "component",
              "dimension" : {
                "xs" : 12
              },
              "propertyValues" : {
                "cssClasses" : {
                  "type" : "constant",
                  "value" : ""
                },
                "hidden" : {
                  "type" : "constant",
                  "value" : false
                },
                "labelHidden" : {
                  "type" : "constant",
                  "value" : true
                },
                "label" : {
                  "type" : "interpolation",
                  "value" : "Default label"
                },
                "labelPosition" : {
                  "type" : "constant",
                  "value" : "top"
                },
                "labelWidth" : {
                  "type" : "constant",
                  "value" : 4
                },
                "allowHTML" : {
                  "type" : "constant",
                  "value" : true
                },
                "text" : {
                  "type" : "interpolation",
                  "value" : "<div class=\"alert alert-success\" translate><i class=\"\tglyphicon glyphicon-ok\" ></i>Confirme el flujo que desea cancelar seleccionandolo y presionado en Cancelar flujo</div>"
                },
                "alignment" : {
                  "type" : "constant",
                  "value" : "left"
                }
              },
              "reference" : "cfe57313-867e-4f17-b9d2-6fbda6e6475b",
              "hasValidationError" : false,
              "id" : "pbText"
            }
          ],
          [
            {
              "type" : "component",
              "dimension" : {
                "xs" : 6
              },
              "propertyValues" : {
                "cssClasses" : {
                  "type" : "constant",
                  "value" : ""
                },
                "hidden" : {
                  "type" : "constant",
                  "value" : false
                },
                "allowHTML" : {
                  "type" : "constant",
                  "value" : true
                },
                "headers" : {
                  "type" : "constant",
                  "value" : [
                    "Placa",
                    "Numero de Flujo"
                  ]
                },
                "content" : {
                  "type" : "expression",
                  "value" : "flujo"
                },
                "columnsKey" : {
                  "type" : "constant",
                  "value" : [
                    "placa",
                    "persistenceId"
                  ]
                },
                "selectedRow" : {
                  "type" : "variable",
                  "value" : "Selected"
                },
                "striped" : {
                  "type" : "constant",
                  "value" : true
                },
                "condensed" : {
                  "type" : "constant",
                  "value" : false
                },
                "bordered" : {
                  "type" : "constant",
                  "value" : false
                }
              },
              "reference" : "3953a913-a41e-4841-9641-9d660325dc20",
              "hasValidationError" : false,
              "id" : "pbTable"
            },
            {
              "type" : "container",
              "dimension" : {
                "xs" : 6
              },
              "propertyValues" : {
                "cssClasses" : {
                  "type" : "constant",
                  "value" : "!Selected"
                },
                "hidden" : {
                  "type" : "constant",
                  "value" : false
                },
                "repeatedCollection" : {
                  "type" : "variable",
                  "value" : "tareasbyname"
                }
              },
              "reference" : "fcd486b3-1635-467f-ba6c-389b7321f974",
              "hasValidationError" : false,
              "id" : "pbContainer",
              "rows" : [
                [
                  {
                    "type" : "component",
                    "dimension" : {
                      "xs" : 12
                    },
                    "propertyValues" : {
                      "cssClasses" : {
                        "type" : "constant",
                        "value" : ""
                      },
                      "hidden" : {
                        "type" : "constant",
                        "value" : false
                      },
                      "text" : {
                        "type" : "interpolation",
                        "value" : "A continuacion encuentra todos los flujos que estan disponibles para ser Cacelados"
                      },
                      "level" : {
                        "type" : "constant",
                        "value" : "Level 5"
                      },
                      "alignment" : {
                        "type" : "constant",
                        "value" : "left"
                      }
                    },
                    "reference" : "6fbbfb9a-e815-41ba-8a3d-cd484dd43c03",
                    "hasValidationError" : false,
                    "id" : "pbTitle"
                  }
                ],
                [
                  {
                    "type" : "component",
                    "dimension" : {
                      "xs" : 12
                    },
                    "propertyValues" : {
                      "cssClasses" : {
                        "type" : "constant",
                        "value" : ""
                      },
                      "hidden" : {
                        "type" : "constant",
                        "value" : false
                      },
                      "text" : {
                        "type" : "interpolation",
                        "value" : "{{$item.name}}  No caso : {{$item.rootCaseId}}"
                      },
                      "type" : {
                        "type" : "constant",
                        "value" : "task"
                      },
                      "targetUrl" : {
                        "type" : "constant",
                        "value" : "http://"
                      },
                      "pageToken" : {
                        "type" : "constant"
                      },
                      "processName" : {
                        "type" : "constant"
                      },
                      "processVersion" : {
                        "type" : "constant"
                      },
                      "taskId" : {
                        "type" : "expression",
                        "value" : "$item.id"
                      },
                      "caseId" : {
                        "type" : "constant"
                      },
                      "target" : {
                        "type" : "constant",
                        "value" : "_self"
                      },
                      "appToken" : {
                        "type" : "constant"
                      },
                      "urlParams" : {
                        "type" : "constant"
                      },
                      "alignment" : {
                        "type" : "constant",
                        "value" : "left"
                      },
                      "buttonStyle" : {
                        "type" : "constant",
                        "value" : "link"
                      }
                    },
                    "reference" : "5be47f3f-e94c-4bc8-bbd8-7a0df311e832",
                    "hasValidationError" : false,
                    "id" : "pbLink"
                  }
                ]
              ]
            }
          ],
          [
            {
              "type" : "component",
              "dimension" : {
                "xs" : 12
              },
              "propertyValues" : {
                "cssClasses" : {
                  "type" : "constant",
                  "value" : ""
                },
                "hidden" : {
                  "type" : "constant",
                  "value" : true
                },
                "labelHidden" : {
                  "type" : "constant",
                  "value" : true
                },
                "label" : {
                  "type" : "interpolation",
                  "value" : "Default label"
                },
                "labelPosition" : {
                  "type" : "constant",
                  "value" : "top"
                },
                "labelWidth" : {
                  "type" : "constant",
                  "value" : 4
                },
                "allowHTML" : {
                  "type" : "constant",
                  "value" : true
                },
                "text" : {
                  "type" : "interpolation",
                  "value" : "{{Selected.codigo_caso}}"
                },
                "alignment" : {
                  "type" : "constant",
                  "value" : "left"
                }
              },
              "reference" : "f30f5a7a-c31a-4b3f-834b-90fb9c8ff853",
              "hasValidationError" : false,
              "id" : "pbText"
            }
          ],
          [
            {
              "type" : "component",
              "dimension" : {
                "xs" : 12
              },
              "propertyValues" : {
                "cssClasses" : {
                  "type" : "constant",
                  "value" : ""
                },
                "hidden" : {
                  "type" : "constant",
                  "value" : true
                },
                "labelHidden" : {
                  "type" : "constant",
                  "value" : true
                },
                "label" : {
                  "type" : "interpolation",
                  "value" : "Default label"
                },
                "labelPosition" : {
                  "type" : "constant",
                  "value" : "top"
                },
                "labelWidth" : {
                  "type" : "constant",
                  "value" : 4
                },
                "allowHTML" : {
                  "type" : "constant",
                  "value" : true
                },
                "text" : {
                  "type" : "interpolation",
                  "value" : "{{tareasbyname}}"
                },
                "alignment" : {
                  "type" : "constant",
                  "value" : "left"
                }
              },
              "reference" : "37f4a0e7-7d28-4687-b6ff-5552598ec00f",
              "hasValidationError" : false,
              "id" : "pbText"
            }
          ],
          [
            {
              "type" : "container",
              "dimension" : {
                "xs" : 12
              },
              "propertyValues" : {
                "cssClasses" : {
                  "type" : "constant",
                  "value" : ""
                },
                "hidden" : {
                  "type" : "constant",
                  "value" : true
                },
                "repeatedCollection" : {
                  "type" : "variable",
                  "value" : "tasklist"
                }
              },
              "reference" : "a85fcc48-895a-449b-a218-c19fb8646060",
              "hasValidationError" : false,
              "id" : "pbContainer",
              "rows" : [
                [
                  {
                    "type" : "component",
                    "dimension" : {
                      "xs" : 12
                    },
                    "propertyValues" : {
                      "cssClasses" : {
                        "type" : "constant",
                        "value" : ""
                      },
                      "hidden" : {
                        "type" : "constant",
                        "value" : false
                      },
                      "text" : {
                        "type" : "interpolation",
                        "value" : "Link to {{$item.name}} form"
                      },
                      "type" : {
                        "type" : "constant",
                        "value" : "task"
                      },
                      "targetUrl" : {
                        "type" : "expression",
                        "value" : "\"http://localhost:8080/bonita/portal/form/taskInstance/\" + $item.id"
                      },
                      "pageToken" : {
                        "type" : "constant"
                      },
                      "processName" : {
                        "type" : "constant"
                      },
                      "processVersion" : {
                        "type" : "constant"
                      },
                      "taskId" : {
                        "type" : "expression",
                        "value" : "$item.id"
                      },
                      "caseId" : {
                        "type" : "constant"
                      },
                      "target" : {
                        "type" : "constant",
                        "value" : "_self"
                      },
                      "appToken" : {
                        "type" : "constant"
                      },
                      "urlParams" : {
                        "type" : "constant"
                      },
                      "alignment" : {
                        "type" : "constant",
                        "value" : "left"
                      },
                      "buttonStyle" : {
                        "type" : "constant",
                        "value" : "link"
                      }
                    },
                    "reference" : "d7def75f-8fbf-4481-9395-cc3f81be33b8",
                    "hasValidationError" : false,
                    "id" : "pbLink"
                  }
                ]
              ]
            }
          ]
        ]
      }
    ]
  ],
  "assets" : [
    {
      "id" : "f90d0d52-7d01-4094-8ffb-fb3f2b649d11",
      "name" : "style.css",
      "type" : "css",
      "order" : 0,
      "external" : false
    }
  ],
  "inactiveAssets" : [ ],
  "variables" : {
    "tasklist" : {
      "type" : "url",
      "value" : [
        "../API/bpm/humanTask?c=10&p=0&f=state=ready&f=user_id={{currentUser.user_id}}"
      ],
      "exposed" : false
    },
    "currentUser" : {
      "type" : "url",
      "value" : [
        "../API/system/session/1"
      ],
      "exposed" : false
    },
    "tarea" : {
      "type" : "constant",
      "value" : [
        "Cancelacion de Flujo"
      ],
      "exposed" : false
    },
    "tareasbyname" : {
      "type" : "url",
      "value" : [
        "../API/bpm/humanTask?c=10&p=0&f=name=Cancelacion%20de%20Flujo&f=rootCaseId={{Selected.codigo_caso}}"
      ],
      "exposed" : false
    },
    "flujoxCaso" : {
      "type" : "businessdata",
      "value" : [
        "{\"displayValue\":\"findByCodigo_caso [com.company.model.Flujo]\",\"businessObjectName\":\"Flujo\",\"query\":{\"name\":\"findByCodigo_caso\",\"displayName\":\"findByCodigo_caso\"},\"id\":\"com.company.model.Flujo\",\"filters\":[{\"name\":\"codigo_caso\",\"type\":\"STRING\",\"collection\":false,\"value\":\"{{$item.rootCaseId}}\"}],\"pagination\":{\"p\":\"0\",\"c\":\"10\"}}"
      ],
      "exposed" : false
    },
    "flujo" : {
      "type" : "businessdata",
      "value" : [
        "{\"displayValue\":\"qrFlujoPlacaActivo [com.company.model.Flujo]\",\"businessObjectName\":\"undefined\",\"query\":{\"name\":\"qrFlujoPlacaActivo\",\"displayName\":\"qrFlujoPlacaActivo\"},\"id\":\"com.company.model.Flujo\",\"filters\":[{\"name\":\"PLACA\",\"type\":\"STRING\",\"collection\":false,\"value\":\"{{Placa}}\"},{\"name\":\"ESTADO_FLUJO\",\"type\":\"STRING\",\"collection\":false,\"value\":\"I\"}],\"pagination\":{\"p\":\"0\",\"c\":\"100\"}}"
      ],
      "exposed" : false
    },
    "Selected" : {
      "type" : "constant",
      "exposed" : false
    },
    "Placa" : {
      "type" : "constant",
      "exposed" : false
    }
  },
  "hasValidationError" : false,
  "uuid" : "93b28d51-31df-4a26-abba-753b8caea336",
  "type" : "page",
  "description" : "Page generated with Bonita UI designer"
}