{
  "designerVersion" : "1.11.46",
  "previousDesignerVersion" : "1.10.50",
  "id" : "EditarProcesoPage",
  "name" : "EditarProcesoPage",
  "lastUpdate" : 1625070023512,
  "rows" : [
    [
      {
        "type" : "container",
        "dimension" : {
          "xs" : 12
        },
        "propertyValues" : { },
        "reference" : "ff524ffe-12fb-4448-8d6a-888de805df76",
        "hasValidationError" : false,
        "id" : "pbContainer",
        "rows" : [
          [
            {
              "type" : "component",
              "dimension" : {
                "xs" : 12
              },
              "propertyValues" : {
                "labelHidden" : {
                  "type" : "constant",
                  "value" : false
                },
                "hidden" : {
                  "type" : "constant",
                  "value" : false
                },
                "level" : {
                  "type" : "constant",
                  "value" : "Level 2"
                },
                "widgetId" : {
                  "type" : "constant",
                  "value" : "pbTitle"
                },
                "cssClasses" : {
                  "type" : "constant",
                  "value" : ""
                },
                "readOnly" : {
                  "type" : "constant",
                  "value" : false
                },
                "text" : {
                  "type" : "interpolation",
                  "value" : "Proceso"
                },
                "label" : {
                  "type" : "interpolation"
                },
                "alignment" : {
                  "type" : "constant",
                  "value" : "center"
                },
                "dimension" : {
                  "type" : "constant",
                  "value" : 12
                },
                "class" : {
                  "type" : "constant",
                  "value" : "org.bonitasoft.web.designer.experimental.parametrizedWidget.TitleWidget"
                }
              },
              "reference" : "36972118-398b-4e6b-b93e-1691f39dc0f2",
              "hasValidationError" : false,
              "id" : "pbTitle"
            }
          ],
          [
            {
              "type" : "container",
              "dimension" : {
                "xs" : 2
              },
              "propertyValues" : {
                "cssClasses" : {
                  "type" : "constant",
                  "value" : ""
                },
                "hidden" : {
                  "type" : "constant",
                  "value" : false
                },
                "repeatedCollection" : {
                  "type" : "variable",
                  "value" : ""
                }
              },
              "reference" : "349001fc-8f46-4304-9868-ff6e7fe280a8",
              "hasValidationError" : false,
              "id" : "pbContainer",
              "rows" : [
                [ ]
              ]
            },
            {
              "type" : "component",
              "dimension" : {
                "xs" : 8
              },
              "propertyValues" : {
                "labelHidden" : {
                  "type" : "constant",
                  "value" : true
                },
                "allowHtml" : {
                  "type" : "constant",
                  "value" : true
                },
                "hidden" : {
                  "type" : "constant",
                  "value" : false
                },
                "widgetId" : {
                  "type" : "constant",
                  "value" : "pbText"
                },
                "cssClasses" : {
                  "type" : "constant",
                  "value" : ""
                },
                "readOnly" : {
                  "type" : "constant",
                  "value" : false
                },
                "text" : {
                  "type" : "interpolation",
                  "value" : "<div class=\"alert alert-info\" translate><i class=\"\tglyphicon glyphicon-edit\" ></i>  A continuación puede modificar la información correspondientes a cada proceso. </div>"
                },
                "label" : {
                  "type" : "interpolation"
                },
                "alignment" : {
                  "type" : "constant",
                  "value" : "left"
                },
                "dimension" : {
                  "type" : "constant",
                  "value" : 12
                },
                "class" : {
                  "type" : "constant",
                  "value" : "org.bonitasoft.web.designer.experimental.parametrizedWidget.TextWidget"
                },
                "labelPosition" : {
                  "type" : "constant",
                  "value" : "top"
                },
                "labelWidth" : {
                  "type" : "constant",
                  "value" : 4
                },
                "allowHTML" : {
                  "type" : "constant",
                  "value" : true
                }
              },
              "reference" : "e01194dc-dda7-4971-bffd-11722a621dfd",
              "hasValidationError" : false,
              "id" : "pbText"
            },
            {
              "type" : "container",
              "dimension" : {
                "xs" : 2
              },
              "propertyValues" : {
                "cssClasses" : {
                  "type" : "constant",
                  "value" : ""
                },
                "hidden" : {
                  "type" : "constant",
                  "value" : false
                },
                "repeatedCollection" : {
                  "type" : "variable",
                  "value" : ""
                }
              },
              "reference" : "b314ddaa-231b-45d9-bb18-556779baf9ac",
              "hasValidationError" : false,
              "id" : "pbContainer",
              "rows" : [
                [ ]
              ]
            }
          ]
        ]
      }
    ],
    [
      {
        "type" : "container",
        "dimension" : {
          "xs" : 12
        },
        "propertyValues" : {
          "cssClasses" : {
            "type" : "constant",
            "value" : ""
          },
          "hidden" : {
            "type" : "constant",
            "value" : false
          },
          "repeatedCollection" : {
            "type" : "variable",
            "value" : ""
          }
        },
        "reference" : "75caeade-cd82-4b83-8bc2-169fae770fe9",
        "hasValidationError" : false,
        "id" : "pbContainer",
        "rows" : [
          [
            {
              "type" : "container",
              "dimension" : {
                "xs" : 2
              },
              "propertyValues" : {
                "cssClasses" : {
                  "type" : "constant",
                  "value" : ""
                },
                "hidden" : {
                  "type" : "constant",
                  "value" : false
                },
                "repeatedCollection" : {
                  "type" : "variable",
                  "value" : ""
                }
              },
              "reference" : "aea4222d-229a-4ce7-9a67-7ec5642c47df",
              "hasValidationError" : false,
              "id" : "pbContainer",
              "rows" : [
                [ ]
              ]
            },
            {
              "type" : "container",
              "dimension" : {
                "xs" : 8
              },
              "propertyValues" : {
                "cssClasses" : {
                  "type" : "constant",
                  "value" : ""
                },
                "hidden" : {
                  "type" : "constant",
                  "value" : false
                },
                "repeatedCollection" : {
                  "type" : "variable",
                  "value" : ""
                }
              },
              "reference" : "bdffd373-0ba7-4eec-90f4-20cc8f82f335",
              "hasValidationError" : false,
              "id" : "pbContainer",
              "rows" : [
                [
                  {
                    "type" : "component",
                    "dimension" : {
                      "xs" : 6
                    },
                    "propertyValues" : {
                      "cssClasses" : {
                        "type" : "constant",
                        "value" : ""
                      },
                      "hidden" : {
                        "type" : "constant",
                        "value" : false
                      },
                      "required" : {
                        "type" : "constant",
                        "value" : true
                      },
                      "minLength" : {
                        "type" : "constant",
                        "value" : ""
                      },
                      "maxLength" : {
                        "type" : "constant",
                        "value" : 100
                      },
                      "readOnly" : {
                        "type" : "constant",
                        "value" : false
                      },
                      "labelHidden" : {
                        "type" : "constant",
                        "value" : false
                      },
                      "label" : {
                        "type" : "interpolation",
                        "value" : "Tiempo Minimo"
                      },
                      "labelPosition" : {
                        "type" : "constant",
                        "value" : "top"
                      },
                      "labelWidth" : {
                        "type" : "constant",
                        "value" : 4
                      },
                      "placeholder" : {
                        "type" : "interpolation"
                      },
                      "value" : {
                        "type" : "variable",
                        "value" : "proceso.tiempo_minimo"
                      },
                      "type" : {
                        "type" : "constant",
                        "value" : "number"
                      },
                      "min" : {
                        "type" : "constant"
                      },
                      "max" : {
                        "type" : "constant"
                      },
                      "step" : {
                        "type" : "constant",
                        "value" : 1
                      }
                    },
                    "reference" : "4c49de9c-8d1d-4af5-a231-81fa03906413",
                    "hasValidationError" : false,
                    "id" : "pbInput"
                  },
                  {
                    "type" : "component",
                    "dimension" : {
                      "xs" : 6
                    },
                    "propertyValues" : {
                      "cssClasses" : {
                        "type" : "constant",
                        "value" : ""
                      },
                      "hidden" : {
                        "type" : "constant",
                        "value" : false
                      },
                      "required" : {
                        "type" : "constant",
                        "value" : true
                      },
                      "minLength" : {
                        "type" : "constant",
                        "value" : ""
                      },
                      "maxLength" : {
                        "type" : "constant",
                        "value" : 100
                      },
                      "readOnly" : {
                        "type" : "constant",
                        "value" : false
                      },
                      "labelHidden" : {
                        "type" : "constant",
                        "value" : false
                      },
                      "label" : {
                        "type" : "interpolation",
                        "value" : "Tiempo Máximo"
                      },
                      "labelPosition" : {
                        "type" : "constant",
                        "value" : "top"
                      },
                      "labelWidth" : {
                        "type" : "constant",
                        "value" : 4
                      },
                      "placeholder" : {
                        "type" : "interpolation"
                      },
                      "value" : {
                        "type" : "variable",
                        "value" : "proceso.tiempo_maximo"
                      },
                      "type" : {
                        "type" : "constant",
                        "value" : "number"
                      },
                      "min" : {
                        "type" : "constant"
                      },
                      "max" : {
                        "type" : "constant"
                      },
                      "step" : {
                        "type" : "constant",
                        "value" : 1
                      }
                    },
                    "reference" : "cc3fa635-ec36-4cca-8af2-5ed431175a8c",
                    "hasValidationError" : false,
                    "id" : "pbInput"
                  }
                ],
                [
                  {
                    "type" : "component",
                    "dimension" : {
                      "xs" : 6
                    },
                    "propertyValues" : {
                      "cssClasses" : {
                        "type" : "constant",
                        "value" : ""
                      },
                      "hidden" : {
                        "type" : "constant",
                        "value" : false
                      },
                      "disabled" : {
                        "type" : "constant",
                        "value" : false
                      },
                      "required" : {
                        "type" : "constant",
                        "value" : true
                      },
                      "labelHidden" : {
                        "type" : "constant",
                        "value" : false
                      },
                      "label" : {
                        "type" : "interpolation",
                        "value" : "Estado"
                      },
                      "labelPosition" : {
                        "type" : "constant",
                        "value" : "top"
                      },
                      "labelWidth" : {
                        "type" : "constant",
                        "value" : 4
                      },
                      "placeholder" : {
                        "type" : "interpolation",
                        "value" : "Seleccione una opcion"
                      },
                      "availableValues" : {
                        "type" : "expression",
                        "value" : "estados"
                      },
                      "displayedKey" : {
                        "type" : "constant",
                        "value" : "label"
                      },
                      "returnedKey" : {
                        "type" : "constant",
                        "value" : "id"
                      },
                      "value" : {
                        "type" : "variable",
                        "value" : "proceso.estado_registro"
                      }
                    },
                    "reference" : "885e7c91-e401-4942-8b4d-73cceb31343b",
                    "hasValidationError" : false,
                    "id" : "pbSelect"
                  }
                ],
                [
                  {
                    "type" : "component",
                    "dimension" : {
                      "xs" : 12
                    },
                    "propertyValues" : {
                      "cssClasses" : {
                        "type" : "constant",
                        "value" : ""
                      },
                      "hidden" : {
                        "type" : "constant",
                        "value" : false
                      },
                      "disabled" : {
                        "type" : "expression",
                        "value" : "proceso ==null || proceso.persistenceId == null"
                      },
                      "label" : {
                        "type" : "interpolation",
                        "value" : "Editar Proceso"
                      },
                      "alignment" : {
                        "type" : "constant",
                        "value" : "center"
                      },
                      "buttonStyle" : {
                        "type" : "constant",
                        "value" : "success"
                      },
                      "action" : {
                        "type" : "constant",
                        "value" : "POST"
                      },
                      "url" : {
                        "type" : "interpolation",
                        "value" : "{{urlStarEditarProceso}}"
                      },
                      "dataToSend" : {
                        "type" : "expression",
                        "value" : "formOutput"
                      },
                      "dataFromSuccess" : {
                        "type" : "variable",
                        "value" : ""
                      },
                      "dataFromError" : {
                        "type" : "variable",
                        "value" : "formError"
                      },
                      "targetUrlOnSuccess" : {
                        "type" : "interpolation",
                        "value" : "/bonita/apps/aplicacionSCGjefe/jefeproceso/"
                      },
                      "collectionToModify" : {
                        "type" : "variable"
                      },
                      "collectionPosition" : {
                        "type" : "constant",
                        "value" : "Last"
                      },
                      "valueToAdd" : {
                        "type" : "constant"
                      },
                      "removeItem" : {
                        "type" : "variable"
                      },
                      "displayIcon" : {
                        "type" : "constant",
                        "value" : true
                      },
                      "buttonIcon" : {
                        "type" : "interpolation",
                        "value" : "floppy-disk"
                      },
                      "displayConfirm" : {
                        "type" : "constant",
                        "value" : true
                      },
                      "confirmMessage" : {
                        "type" : "interpolation",
                        "value" : "¿Esta seguro de actualizar el registro ?"
                      },
                      "customStyle" : {
                        "type" : "interpolation",
                        "value" : "{ }"
                      }
                    },
                    "reference" : "c46ae20e-3171-4af5-9bf9-8c352855bd44",
                    "hasValidationError" : false,
                    "id" : "customWidgetButton"
                  }
                ],
                [
                  {
                    "type" : "component",
                    "dimension" : {
                      "xs" : 12
                    },
                    "propertyValues" : {
                      "cssClasses" : {
                        "type" : "constant",
                        "value" : ""
                      },
                      "hidden" : {
                        "type" : "constant",
                        "value" : false
                      },
                      "message" : {
                        "type" : "variable",
                        "value" : "formError"
                      },
                      "style" : {
                        "type" : "constant",
                        "value" : "alert-danger"
                      },
                      "isDismissible" : {
                        "type" : "constant",
                        "value" : true
                      },
                      "label" : {
                        "type" : "interpolation",
                        "value" : "Error:"
                      }
                    },
                    "reference" : "d53fde80-b2c0-4f33-ae46-46a0349efeeb",
                    "hasValidationError" : false,
                    "id" : "customAlert"
                  }
                ]
              ]
            },
            {
              "type" : "container",
              "dimension" : {
                "xs" : 2
              },
              "propertyValues" : {
                "cssClasses" : {
                  "type" : "constant",
                  "value" : ""
                },
                "hidden" : {
                  "type" : "constant",
                  "value" : false
                },
                "repeatedCollection" : {
                  "type" : "variable",
                  "value" : ""
                }
              },
              "reference" : "0fc3b39d-1876-4930-9ef4-eb6bcfa840f4",
              "hasValidationError" : false,
              "id" : "pbContainer",
              "rows" : [
                [ ]
              ]
            }
          ],
          [
            {
              "type" : "container",
              "dimension" : {
                "xs" : 2
              },
              "propertyValues" : {
                "cssClasses" : {
                  "type" : "constant",
                  "value" : ""
                },
                "hidden" : {
                  "type" : "constant",
                  "value" : false
                },
                "repeatedCollection" : {
                  "type" : "variable",
                  "value" : ""
                }
              },
              "reference" : "c9ec4c03-c39e-4cf9-9e50-47713056761b",
              "hasValidationError" : false,
              "id" : "pbContainer",
              "rows" : [
                [ ]
              ]
            },
            {
              "type" : "container",
              "dimension" : {
                "xs" : 8
              },
              "propertyValues" : {
                "cssClasses" : {
                  "type" : "constant",
                  "value" : ""
                },
                "hidden" : {
                  "type" : "constant",
                  "value" : false
                },
                "repeatedCollection" : {
                  "type" : "variable",
                  "value" : ""
                }
              },
              "reference" : "e0475d6a-ff4c-4780-a6fd-5de2b1369933",
              "hasValidationError" : false,
              "id" : "pbContainer",
              "rows" : [
                [
                  {
                    "type" : "component",
                    "dimension" : {
                      "xs" : 12
                    },
                    "propertyValues" : {
                      "cssClasses" : {
                        "type" : "constant",
                        "value" : ""
                      },
                      "hidden" : {
                        "type" : "constant",
                        "value" : false
                      },
                      "labelHidden" : {
                        "type" : "constant",
                        "value" : true
                      },
                      "label" : {
                        "type" : "interpolation",
                        "value" : "Default label"
                      },
                      "labelPosition" : {
                        "type" : "constant",
                        "value" : "top"
                      },
                      "labelWidth" : {
                        "type" : "constant",
                        "value" : 4
                      },
                      "allowHTML" : {
                        "type" : "constant",
                        "value" : true
                      },
                      "text" : {
                        "type" : "interpolation",
                        "value" : "<b>Seleccione un registro de la siguiente tabla para editar</b>"
                      },
                      "alignment" : {
                        "type" : "constant",
                        "value" : "left"
                      }
                    },
                    "reference" : "3bf4b5bb-219b-4428-abd7-7ea5980e0fa7",
                    "hasValidationError" : false,
                    "id" : "pbText"
                  }
                ],
                [
                  {
                    "type" : "component",
                    "dimension" : {
                      "xs" : 12
                    },
                    "propertyValues" : {
                      "cssClasses" : {
                        "type" : "constant",
                        "value" : ""
                      },
                      "hidden" : {
                        "type" : "constant",
                        "value" : false
                      },
                      "allowHTML" : {
                        "type" : "constant",
                        "value" : true
                      },
                      "headers" : {
                        "type" : "constant",
                        "value" : [
                          "Código",
                          "Nombre",
                          "Tiempo Minimo",
                          "Tiempo Máximo",
                          "Estado"
                        ]
                      },
                      "content" : {
                        "type" : "expression",
                        "value" : "procesoTable"
                      },
                      "columnsKey" : {
                        "type" : "constant",
                        "value" : [
                          "codigo_proceso",
                          "nombre_proceso",
                          "tiempo_minimo",
                          "tiempo_maximo",
                          "estado_registro"
                        ]
                      },
                      "selectedRow" : {
                        "type" : "variable",
                        "value" : "proceso"
                      },
                      "striped" : {
                        "type" : "constant",
                        "value" : false
                      },
                      "condensed" : {
                        "type" : "constant",
                        "value" : true
                      },
                      "bordered" : {
                        "type" : "constant",
                        "value" : true
                      }
                    },
                    "reference" : "229fcca5-6b61-4f41-8fac-0f0d900d4a79",
                    "hasValidationError" : false,
                    "id" : "pbTable"
                  }
                ]
              ]
            },
            {
              "type" : "container",
              "dimension" : {
                "xs" : 2
              },
              "propertyValues" : {
                "cssClasses" : {
                  "type" : "constant",
                  "value" : ""
                },
                "hidden" : {
                  "type" : "constant",
                  "value" : false
                },
                "repeatedCollection" : {
                  "type" : "variable",
                  "value" : ""
                }
              },
              "reference" : "54e4bed1-0399-49cd-b919-dd8a5c0d1156",
              "hasValidationError" : false,
              "id" : "pbContainer",
              "rows" : [
                [ ]
              ]
            }
          ]
        ]
      }
    ]
  ],
  "assets" : [
    {
      "id" : "0659db9a-7b71-49e6-8770-faeaa78fad84",
      "name" : "validationStyle.css",
      "type" : "css",
      "order" : 1,
      "external" : false
    },
    {
      "id" : "e50f702e-1628-4709-a318-565b2f3b7ae1",
      "name" : "style.css",
      "type" : "css",
      "order" : 0,
      "external" : false
    }
  ],
  "inactiveAssets" : [ ],
  "variables" : {
    "formOutput" : {
      "type" : "expression",
      "value" : [
        "",
        "if( $data.proceso ){",
        "\treturn {",
        "\t\t\"procesoId\": $data.proceso.persistenceId !== undefined ? $data.proceso.persistenceId : null,",
        "\t\t\"tMinimo\": $data.proceso.tiempo_minimo !== undefined ? $data.proceso.tiempo_minimo : null,",
        "\t\t\"tMaximo\": $data.proceso.tiempo_maximo !== undefined ? $data.proceso.tiempo_maximo : null,",
        "\t\t\"estado\": $data.proceso.estado_registro !== undefined ? $data.proceso.estado_registro : null",
        "\t    ",
        "\t}",
        "}"
      ],
      "exposed" : false
    },
    "estados" : {
      "type" : "json",
      "value" : [
        "[",
        "    {",
        "    \"id\":\"A\",",
        "    \"label\":\"ACTIVO\"",
        "    },",
        "    {",
        "    \"id\":\"I\",",
        "    \"label\":\"INACTIVO\"",
        "    }",
        "]"
      ],
      "exposed" : false
    },
    "formError" : {
      "type" : "constant",
      "exposed" : false
    },
    "procesoTable" : {
      "type" : "businessdata",
      "value" : [
        "{\"displayValue\":\"find [com.company.model.Proceso]\",\"businessObjectName\":\"Proceso\",\"query\":{\"name\":\"find\",\"displayName\":\"find\"},\"id\":\"com.company.model.Proceso\",\"filters\":[],\"pagination\":{\"p\":\"0\",\"c\":\"10\"}}"
      ],
      "exposed" : false
    },
    "proceso" : {
      "type" : "url",
      "value" : [
        "../{{context.proceso_ref.link}}"
      ],
      "exposed" : false
    },
    "startEditarProceso" : {
      "type" : "url",
      "value" : [
        "../API/bpm/process?s=EditarProceso &p=0&c=1&o=version%20DESC&f=activationState=ENABLED"
      ],
      "exposed" : false
    },
    "urlStarEditarProceso" : {
      "type" : "expression",
      "value" : [
        "if ($data.startEditarProceso  && $data.startEditarProceso.length > 0) {\r",
        "    var url =\"../API/bpm/process/\"+\r",
        "    $data.startEditarProceso[0].id+\"/instantiation\";\r",
        "    return url;\r",
        "} else {\r",
        "  return null;\r",
        "}"
      ],
      "exposed" : false
    }
  },
  "hasValidationError" : false,
  "uuid" : "636f16b9-a7db-4f8f-806f-a98c4e3d183b",
  "type" : "page",
  "description" : "Page generated with Bonita UI designer"
}