{
  "designerVersion" : "1.11.46",
  "previousDesignerVersion" : "1.11.40",
  "id" : "EditarAreaPage",
  "name" : "EditarAreaPage",
  "lastUpdate" : 1603291507728,
  "rows" : [
    [
      {
        "type" : "container",
        "dimension" : {
          "xs" : 12
        },
        "propertyValues" : {
          "cssClasses" : {
            "type" : "constant",
            "value" : ""
          },
          "hidden" : {
            "type" : "constant",
            "value" : false
          },
          "repeatedCollection" : {
            "type" : "variable",
            "value" : ""
          }
        },
        "reference" : "14901266-1362-470b-a978-a0e96c4d9065",
        "hasValidationError" : false,
        "id" : "pbContainer",
        "rows" : [
          [
            {
              "type" : "component",
              "dimension" : {
                "xs" : 12
              },
              "propertyValues" : {
                "labelHidden" : {
                  "type" : "constant",
                  "value" : false
                },
                "hidden" : {
                  "type" : "constant",
                  "value" : false
                },
                "level" : {
                  "type" : "constant",
                  "value" : "Level 2"
                },
                "widgetId" : {
                  "type" : "constant",
                  "value" : "pbTitle"
                },
                "cssClasses" : {
                  "type" : "expression",
                  "value" : ""
                },
                "readOnly" : {
                  "type" : "constant",
                  "value" : false
                },
                "text" : {
                  "type" : "interpolation",
                  "value" : "Área"
                },
                "label" : {
                  "type" : "interpolation"
                },
                "alignment" : {
                  "type" : "constant",
                  "value" : "center"
                },
                "dimension" : {
                  "type" : "constant",
                  "value" : 12
                },
                "class" : {
                  "type" : "constant",
                  "value" : "org.bonitasoft.web.designer.experimental.parametrizedWidget.TitleWidget"
                }
              },
              "reference" : "11135fd6-82be-44eb-9a8f-ae34c460fdf8",
              "hasValidationError" : false,
              "id" : "pbTitle"
            }
          ],
          [
            {
              "type" : "container",
              "dimension" : {
                "xs" : 2
              },
              "propertyValues" : {
                "cssClasses" : {
                  "type" : "constant",
                  "value" : ""
                },
                "hidden" : {
                  "type" : "constant",
                  "value" : false
                },
                "repeatedCollection" : {
                  "type" : "variable",
                  "value" : ""
                }
              },
              "reference" : "917c8be3-c21e-4dad-9040-dce4c2e91b0b",
              "hasValidationError" : false,
              "id" : "pbContainer",
              "rows" : [
                [ ]
              ]
            },
            {
              "type" : "component",
              "dimension" : {
                "xs" : 8
              },
              "propertyValues" : {
                "cssClasses" : {
                  "type" : "constant",
                  "value" : ""
                },
                "hidden" : {
                  "type" : "constant",
                  "value" : false
                },
                "labelHidden" : {
                  "type" : "constant",
                  "value" : true
                },
                "label" : {
                  "type" : "interpolation",
                  "value" : "Default label"
                },
                "labelPosition" : {
                  "type" : "constant",
                  "value" : "top"
                },
                "labelWidth" : {
                  "type" : "constant",
                  "value" : 4
                },
                "allowHTML" : {
                  "type" : "constant",
                  "value" : true
                },
                "text" : {
                  "type" : "interpolation",
                  "value" : "<div class=\"alert alert-info\" translate><i class=\"\tglyphicon glyphicon-edit\" ></i>  A continuación puede modificar la información correspondientes a cada área del negocio. </div>"
                },
                "alignment" : {
                  "type" : "constant",
                  "value" : "left"
                }
              },
              "reference" : "1d87594b-f803-456e-b1fc-1c4fe046f016",
              "hasValidationError" : false,
              "id" : "pbText"
            },
            {
              "type" : "container",
              "dimension" : {
                "xs" : 2
              },
              "propertyValues" : {
                "cssClasses" : {
                  "type" : "constant",
                  "value" : ""
                },
                "hidden" : {
                  "type" : "constant",
                  "value" : false
                },
                "repeatedCollection" : {
                  "type" : "variable",
                  "value" : ""
                }
              },
              "reference" : "74f4c1a0-2014-4ce5-adc4-055f1dc0d1fd",
              "hasValidationError" : false,
              "id" : "pbContainer",
              "rows" : [
                [ ]
              ]
            }
          ]
        ]
      }
    ],
    [
      {
        "type" : "formContainer",
        "dimension" : {
          "xs" : 12
        },
        "propertyValues" : {
          "cssClasses" : {
            "type" : "constant",
            "value" : ""
          },
          "hidden" : {
            "type" : "constant",
            "value" : false
          }
        },
        "reference" : "96bfb366-5618-4579-9d39-c755eefa11c6",
        "hasValidationError" : false,
        "id" : "pbFormContainer",
        "container" : {
          "type" : "container",
          "dimension" : {
            "xs" : 12
          },
          "propertyValues" : { },
          "reference" : "5423dd5d-fbe5-49a1-83b8-11f4efa6ca49",
          "hasValidationError" : false,
          "id" : "pbContainer",
          "rows" : [
            [
              {
                "type" : "container",
                "dimension" : {
                  "xs" : 1
                },
                "propertyValues" : {
                  "cssClasses" : {
                    "type" : "constant",
                    "value" : ""
                  },
                  "hidden" : {
                    "type" : "constant",
                    "value" : false
                  },
                  "repeatedCollection" : {
                    "type" : "variable",
                    "value" : ""
                  }
                },
                "reference" : "43ced09d-c544-4c95-ae9c-8e2d7635fa19",
                "hasValidationError" : false,
                "id" : "pbContainer",
                "rows" : [
                  [ ]
                ]
              },
              {
                "type" : "container",
                "dimension" : {
                  "xs" : 10
                },
                "propertyValues" : {
                  "repeatedCollection" : {
                    "type" : "variable",
                    "value" : ""
                  },
                  "labelHidden" : {
                    "type" : "constant",
                    "value" : false
                  },
                  "hidden" : {
                    "type" : "constant",
                    "value" : false
                  },
                  "widgetId" : {
                    "type" : "constant"
                  },
                  "cssClasses" : {
                    "type" : "constant",
                    "value" : ""
                  },
                  "readOnly" : {
                    "type" : "constant",
                    "value" : false
                  },
                  "label" : {
                    "type" : "interpolation"
                  },
                  "alignment" : {
                    "type" : "constant",
                    "value" : "left"
                  },
                  "dimension" : {
                    "type" : "constant",
                    "value" : 12
                  },
                  "class" : {
                    "type" : "constant",
                    "value" : "org.bonitasoft.web.designer.experimental.parametrizedWidget.WidgetContainer"
                  }
                },
                "reference" : "5d8add15-2532-4993-922b-3c9ff9a91438",
                "hasValidationError" : false,
                "id" : "pbContainer",
                "rows" : [
                  [
                    {
                      "type" : "component",
                      "dimension" : {
                        "xs" : 4
                      },
                      "propertyValues" : {
                        "hidden" : {
                          "type" : "constant",
                          "value" : false
                        },
                        "widgetId" : {
                          "type" : "constant",
                          "value" : "pbInput"
                        },
                        "cssClasses" : {
                          "type" : "constant",
                          "value" : ""
                        },
                        "readOnly" : {
                          "type" : "constant",
                          "value" : false
                        },
                        "labelWidth" : {
                          "type" : "constant",
                          "value" : 1
                        },
                        "label" : {
                          "type" : "interpolation",
                          "value" : "Tiempo Minimo(min.)"
                        },
                        "type" : {
                          "type" : "constant",
                          "value" : "number"
                        },
                        "required" : {
                          "type" : "constant",
                          "value" : true
                        },
                        "labelHidden" : {
                          "type" : "constant",
                          "value" : false
                        },
                        "labelPosition" : {
                          "type" : "constant",
                          "value" : "top"
                        },
                        "placeholder" : {
                          "type" : "constant"
                        },
                        "alignment" : {
                          "type" : "constant",
                          "value" : "left"
                        },
                        "value" : {
                          "type" : "variable",
                          "value" : "area.tiempo_minimo"
                        },
                        "dimension" : {
                          "type" : "constant",
                          "value" : 12
                        },
                        "class" : {
                          "type" : "constant",
                          "value" : "org.bonitasoft.web.designer.experimental.parametrizedWidget.InputWidget"
                        },
                        "minLength" : {
                          "type" : "constant",
                          "value" : ""
                        },
                        "maxLength" : {
                          "type" : "constant",
                          "value" : 100
                        },
                        "min" : {
                          "type" : "constant"
                        },
                        "max" : {
                          "type" : "constant"
                        },
                        "step" : {
                          "type" : "constant",
                          "value" : 1
                        }
                      },
                      "reference" : "aa12a988-2222-4432-8051-7b8251c376a4",
                      "hasValidationError" : false,
                      "id" : "pbInput"
                    },
                    {
                      "type" : "component",
                      "dimension" : {
                        "xs" : 4
                      },
                      "propertyValues" : {
                        "hidden" : {
                          "type" : "constant",
                          "value" : false
                        },
                        "widgetId" : {
                          "type" : "constant",
                          "value" : "pbInput"
                        },
                        "cssClasses" : {
                          "type" : "constant",
                          "value" : ""
                        },
                        "readOnly" : {
                          "type" : "constant",
                          "value" : false
                        },
                        "labelWidth" : {
                          "type" : "constant",
                          "value" : 1
                        },
                        "label" : {
                          "type" : "interpolation",
                          "value" : "Tiempo Máximo(min)"
                        },
                        "type" : {
                          "type" : "constant",
                          "value" : "number"
                        },
                        "required" : {
                          "type" : "constant",
                          "value" : true
                        },
                        "labelHidden" : {
                          "type" : "constant",
                          "value" : false
                        },
                        "labelPosition" : {
                          "type" : "constant",
                          "value" : "top"
                        },
                        "placeholder" : {
                          "type" : "constant"
                        },
                        "alignment" : {
                          "type" : "constant",
                          "value" : "left"
                        },
                        "value" : {
                          "type" : "variable",
                          "value" : "area.tiempo_maximo"
                        },
                        "dimension" : {
                          "type" : "constant",
                          "value" : 12
                        },
                        "class" : {
                          "type" : "constant",
                          "value" : "org.bonitasoft.web.designer.experimental.parametrizedWidget.InputWidget"
                        },
                        "minLength" : {
                          "type" : "constant",
                          "value" : ""
                        },
                        "maxLength" : {
                          "type" : "constant",
                          "value" : 100
                        },
                        "min" : {
                          "type" : "constant"
                        },
                        "max" : {
                          "type" : "constant"
                        },
                        "step" : {
                          "type" : "constant",
                          "value" : 1
                        }
                      },
                      "reference" : "c58d48f6-dace-41bc-b676-95e70c9aa6ee",
                      "hasValidationError" : false,
                      "id" : "pbInput"
                    },
                    {
                      "type" : "component",
                      "dimension" : {
                        "xs" : 4
                      },
                      "propertyValues" : {
                        "hidden" : {
                          "type" : "constant",
                          "value" : false
                        },
                        "widgetId" : {
                          "type" : "constant",
                          "value" : "pbInput"
                        },
                        "cssClasses" : {
                          "type" : "constant",
                          "value" : ""
                        },
                        "readOnly" : {
                          "type" : "constant",
                          "value" : false
                        },
                        "labelWidth" : {
                          "type" : "constant",
                          "value" : 1
                        },
                        "label" : {
                          "type" : "interpolation",
                          "value" : "Tiempo Promedio(min)"
                        },
                        "type" : {
                          "type" : "constant",
                          "value" : "number"
                        },
                        "required" : {
                          "type" : "constant",
                          "value" : true
                        },
                        "labelHidden" : {
                          "type" : "constant",
                          "value" : false
                        },
                        "labelPosition" : {
                          "type" : "constant",
                          "value" : "top"
                        },
                        "placeholder" : {
                          "type" : "constant"
                        },
                        "alignment" : {
                          "type" : "constant",
                          "value" : "left"
                        },
                        "value" : {
                          "type" : "variable",
                          "value" : "area.tiempo_promedio"
                        },
                        "dimension" : {
                          "type" : "constant",
                          "value" : 12
                        },
                        "class" : {
                          "type" : "constant",
                          "value" : "org.bonitasoft.web.designer.experimental.parametrizedWidget.InputWidget"
                        },
                        "minLength" : {
                          "type" : "constant",
                          "value" : ""
                        },
                        "maxLength" : {
                          "type" : "constant",
                          "value" : 100
                        },
                        "min" : {
                          "type" : "constant"
                        },
                        "max" : {
                          "type" : "constant"
                        },
                        "step" : {
                          "type" : "constant",
                          "value" : 1
                        }
                      },
                      "reference" : "f12ac9f7-eec2-49d3-8649-3b9c1b9bb749",
                      "hasValidationError" : false,
                      "id" : "pbInput"
                    }
                  ],
                  [
                    {
                      "type" : "component",
                      "dimension" : {
                        "xs" : 4
                      },
                      "propertyValues" : {
                        "cssClasses" : {
                          "type" : "constant",
                          "value" : ""
                        },
                        "hidden" : {
                          "type" : "constant",
                          "value" : false
                        },
                        "required" : {
                          "type" : "constant",
                          "value" : true
                        },
                        "minLength" : {
                          "type" : "constant",
                          "value" : ""
                        },
                        "maxLength" : {
                          "type" : "constant",
                          "value" : 100
                        },
                        "readOnly" : {
                          "type" : "constant",
                          "value" : false
                        },
                        "labelHidden" : {
                          "type" : "constant",
                          "value" : false
                        },
                        "label" : {
                          "type" : "interpolation",
                          "value" : "Capacidad MT"
                        },
                        "labelPosition" : {
                          "type" : "constant",
                          "value" : "top"
                        },
                        "labelWidth" : {
                          "type" : "constant",
                          "value" : 4
                        },
                        "placeholder" : {
                          "type" : "interpolation"
                        },
                        "value" : {
                          "type" : "variable",
                          "value" : "area.capacidad_area_mt"
                        },
                        "type" : {
                          "type" : "constant",
                          "value" : "number"
                        },
                        "min" : {
                          "type" : "constant"
                        },
                        "max" : {
                          "type" : "constant"
                        },
                        "step" : {
                          "type" : "constant",
                          "value" : 1
                        }
                      },
                      "reference" : "7bbdcbd6-d4f0-48be-97b6-3d06d55106e9",
                      "hasValidationError" : false,
                      "id" : "pbInput"
                    },
                    {
                      "type" : "component",
                      "dimension" : {
                        "xs" : 4
                      },
                      "propertyValues" : {
                        "cssClasses" : {
                          "type" : "constant",
                          "value" : ""
                        },
                        "hidden" : {
                          "type" : "constant",
                          "value" : false
                        },
                        "required" : {
                          "type" : "constant",
                          "value" : true
                        },
                        "minLength" : {
                          "type" : "constant",
                          "value" : ""
                        },
                        "maxLength" : {
                          "type" : "constant",
                          "value" : 100
                        },
                        "readOnly" : {
                          "type" : "constant",
                          "value" : false
                        },
                        "labelHidden" : {
                          "type" : "constant",
                          "value" : false
                        },
                        "label" : {
                          "type" : "interpolation",
                          "value" : "Alerta Inicial(min)"
                        },
                        "labelPosition" : {
                          "type" : "constant",
                          "value" : "top"
                        },
                        "labelWidth" : {
                          "type" : "constant",
                          "value" : 4
                        },
                        "placeholder" : {
                          "type" : "interpolation"
                        },
                        "value" : {
                          "type" : "variable",
                          "value" : "area.alerta_inicio"
                        },
                        "type" : {
                          "type" : "constant",
                          "value" : "number"
                        },
                        "min" : {
                          "type" : "constant"
                        },
                        "max" : {
                          "type" : "constant"
                        },
                        "step" : {
                          "type" : "constant",
                          "value" : 1
                        }
                      },
                      "reference" : "2fbf3158-2962-4a3d-8cca-46a570f0e21a",
                      "hasValidationError" : false,
                      "id" : "pbInput"
                    },
                    {
                      "type" : "component",
                      "dimension" : {
                        "xs" : 4
                      },
                      "propertyValues" : {
                        "cssClasses" : {
                          "type" : "constant",
                          "value" : ""
                        },
                        "hidden" : {
                          "type" : "constant",
                          "value" : false
                        },
                        "required" : {
                          "type" : "constant",
                          "value" : true
                        },
                        "minLength" : {
                          "type" : "constant",
                          "value" : ""
                        },
                        "maxLength" : {
                          "type" : "constant",
                          "value" : 100
                        },
                        "readOnly" : {
                          "type" : "constant",
                          "value" : false
                        },
                        "labelHidden" : {
                          "type" : "constant",
                          "value" : false
                        },
                        "label" : {
                          "type" : "interpolation",
                          "value" : "Alerta Subsecuente(min)"
                        },
                        "labelPosition" : {
                          "type" : "constant",
                          "value" : "top"
                        },
                        "labelWidth" : {
                          "type" : "constant",
                          "value" : 4
                        },
                        "placeholder" : {
                          "type" : "interpolation"
                        },
                        "value" : {
                          "type" : "variable",
                          "value" : "area.alerta_subsecuente"
                        },
                        "type" : {
                          "type" : "constant",
                          "value" : "number"
                        },
                        "min" : {
                          "type" : "constant"
                        },
                        "max" : {
                          "type" : "constant"
                        },
                        "step" : {
                          "type" : "constant",
                          "value" : 1
                        }
                      },
                      "reference" : "d7c05e49-f5b4-4b0f-9638-33ade6a1f737",
                      "hasValidationError" : false,
                      "id" : "pbInput"
                    }
                  ],
                  [
                    {
                      "type" : "component",
                      "dimension" : {
                        "xs" : 4
                      },
                      "propertyValues" : {
                        "cssClasses" : {
                          "type" : "constant",
                          "value" : ""
                        },
                        "hidden" : {
                          "type" : "constant",
                          "value" : false
                        },
                        "disabled" : {
                          "type" : "constant",
                          "value" : false
                        },
                        "required" : {
                          "type" : "constant",
                          "value" : true
                        },
                        "labelHidden" : {
                          "type" : "constant",
                          "value" : false
                        },
                        "label" : {
                          "type" : "interpolation",
                          "value" : "Estado"
                        },
                        "labelPosition" : {
                          "type" : "constant",
                          "value" : "top"
                        },
                        "labelWidth" : {
                          "type" : "constant",
                          "value" : 4
                        },
                        "placeholder" : {
                          "type" : "interpolation",
                          "value" : "Seleccione una opcion"
                        },
                        "availableValues" : {
                          "type" : "expression",
                          "value" : "estados"
                        },
                        "displayedKey" : {
                          "type" : "constant",
                          "value" : "label"
                        },
                        "returnedKey" : {
                          "type" : "constant",
                          "value" : "id"
                        },
                        "value" : {
                          "type" : "variable",
                          "value" : "area.estado_registro"
                        }
                      },
                      "reference" : "5496ca4d-e234-48e5-a85b-23533e02f02f",
                      "hasValidationError" : false,
                      "id" : "pbSelect"
                    }
                  ],
                  [
                    {
                      "type" : "component",
                      "dimension" : {
                        "xs" : 12
                      },
                      "propertyValues" : {
                        "cssClasses" : {
                          "type" : "constant",
                          "value" : ""
                        },
                        "hidden" : {
                          "type" : "constant",
                          "value" : false
                        },
                        "disabled" : {
                          "type" : "expression",
                          "value" : "area==null || area.persistenceId ==null"
                        },
                        "label" : {
                          "type" : "interpolation",
                          "value" : "Editar Área"
                        },
                        "alignment" : {
                          "type" : "constant",
                          "value" : "center"
                        },
                        "buttonStyle" : {
                          "type" : "constant",
                          "value" : "success"
                        },
                        "action" : {
                          "type" : "constant",
                          "value" : "POST"
                        },
                        "url" : {
                          "type" : "interpolation",
                          "value" : "{{urlStarEditarArea}}"
                        },
                        "dataToSend" : {
                          "type" : "expression",
                          "value" : "formOutput"
                        },
                        "dataFromSuccess" : {
                          "type" : "variable",
                          "value" : ""
                        },
                        "dataFromError" : {
                          "type" : "variable",
                          "value" : "formError"
                        },
                        "targetUrlOnSuccess" : {
                          "type" : "interpolation",
                          "value" : "/bonita/apps/aplicacionSCGjefe/jefearea/"
                        },
                        "collectionToModify" : {
                          "type" : "variable"
                        },
                        "collectionPosition" : {
                          "type" : "constant",
                          "value" : "Last"
                        },
                        "valueToAdd" : {
                          "type" : "constant"
                        },
                        "removeItem" : {
                          "type" : "variable"
                        },
                        "displayIcon" : {
                          "type" : "constant",
                          "value" : true
                        },
                        "buttonIcon" : {
                          "type" : "interpolation",
                          "value" : "floppy-disk"
                        },
                        "displayConfirm" : {
                          "type" : "constant",
                          "value" : true
                        },
                        "confirmMessage" : {
                          "type" : "interpolation",
                          "value" : "¿Esta seguro de actualizar el registro ?"
                        },
                        "customStyle" : {
                          "type" : "interpolation",
                          "value" : "{ }"
                        }
                      },
                      "reference" : "5464ec9a-493c-4032-bb05-30dd1f300517",
                      "hasValidationError" : false,
                      "id" : "customWidgetButton"
                    }
                  ],
                  [
                    {
                      "type" : "component",
                      "dimension" : {
                        "xs" : 12
                      },
                      "propertyValues" : {
                        "cssClasses" : {
                          "type" : "constant",
                          "value" : ""
                        },
                        "hidden" : {
                          "type" : "constant",
                          "value" : false
                        },
                        "labelHidden" : {
                          "type" : "constant",
                          "value" : true
                        },
                        "label" : {
                          "type" : "interpolation",
                          "value" : "Default label"
                        },
                        "labelPosition" : {
                          "type" : "constant",
                          "value" : "top"
                        },
                        "labelWidth" : {
                          "type" : "constant",
                          "value" : 4
                        },
                        "allowHTML" : {
                          "type" : "constant",
                          "value" : true
                        },
                        "text" : {
                          "type" : "interpolation",
                          "value" : ""
                        },
                        "alignment" : {
                          "type" : "constant",
                          "value" : "left"
                        }
                      },
                      "reference" : "56fabdb5-92e1-4914-a9e4-dba7009bafd6",
                      "hasValidationError" : false,
                      "id" : "pbText"
                    }
                  ],
                  [
                    {
                      "type" : "component",
                      "dimension" : {
                        "xs" : 12
                      },
                      "propertyValues" : {
                        "cssClasses" : {
                          "type" : "constant",
                          "value" : ""
                        },
                        "hidden" : {
                          "type" : "expression",
                          "value" : "formError == null"
                        },
                        "message" : {
                          "type" : "variable",
                          "value" : "formError"
                        },
                        "style" : {
                          "type" : "constant",
                          "value" : "alert-danger"
                        },
                        "isDismissible" : {
                          "type" : "constant",
                          "value" : true
                        },
                        "label" : {
                          "type" : "interpolation",
                          "value" : "Error:"
                        }
                      },
                      "reference" : "5529414c-636b-4c10-aeaf-affec464e4d0",
                      "hasValidationError" : false,
                      "id" : "customAlert"
                    }
                  ]
                ]
              },
              {
                "type" : "container",
                "dimension" : {
                  "xs" : 1
                },
                "propertyValues" : {
                  "cssClasses" : {
                    "type" : "constant",
                    "value" : ""
                  },
                  "hidden" : {
                    "type" : "constant",
                    "value" : false
                  },
                  "repeatedCollection" : {
                    "type" : "variable",
                    "value" : ""
                  }
                },
                "reference" : "18b1187d-6777-4e02-a01f-ba57660a2381",
                "hasValidationError" : false,
                "id" : "pbContainer",
                "rows" : [
                  [ ]
                ]
              }
            ],
            [
              {
                "type" : "container",
                "dimension" : {
                  "xs" : 1
                },
                "propertyValues" : {
                  "cssClasses" : {
                    "type" : "constant",
                    "value" : ""
                  },
                  "hidden" : {
                    "type" : "constant",
                    "value" : false
                  },
                  "repeatedCollection" : {
                    "type" : "variable",
                    "value" : ""
                  }
                },
                "reference" : "2837464e-6aad-4ef7-9a52-1bf36a3270da",
                "hasValidationError" : false,
                "id" : "pbContainer",
                "rows" : [
                  [ ]
                ]
              },
              {
                "type" : "container",
                "dimension" : {
                  "xs" : 10
                },
                "propertyValues" : {
                  "cssClasses" : {
                    "type" : "constant",
                    "value" : ""
                  },
                  "hidden" : {
                    "type" : "constant",
                    "value" : false
                  },
                  "repeatedCollection" : {
                    "type" : "variable",
                    "value" : ""
                  }
                },
                "reference" : "269ae4b5-e2c1-429a-b514-a60ee26ae24e",
                "hasValidationError" : false,
                "id" : "pbContainer",
                "rows" : [
                  [
                    {
                      "type" : "component",
                      "dimension" : {
                        "xs" : 12
                      },
                      "propertyValues" : {
                        "cssClasses" : {
                          "type" : "constant",
                          "value" : ""
                        },
                        "hidden" : {
                          "type" : "constant",
                          "value" : false
                        },
                        "labelHidden" : {
                          "type" : "constant",
                          "value" : true
                        },
                        "label" : {
                          "type" : "interpolation",
                          "value" : "Default label"
                        },
                        "labelPosition" : {
                          "type" : "constant",
                          "value" : "top"
                        },
                        "labelWidth" : {
                          "type" : "constant",
                          "value" : 4
                        },
                        "allowHTML" : {
                          "type" : "constant",
                          "value" : true
                        },
                        "text" : {
                          "type" : "interpolation",
                          "value" : "<b>Seleccione un registro de la siguiente tabla para editar</b>"
                        },
                        "alignment" : {
                          "type" : "constant",
                          "value" : "left"
                        }
                      },
                      "reference" : "6057aaf3-b1e1-4734-a27f-58c86d8e9b07",
                      "hasValidationError" : false,
                      "id" : "pbText"
                    }
                  ],
                  [
                    {
                      "type" : "component",
                      "dimension" : {
                        "xs" : 12
                      },
                      "propertyValues" : {
                        "cssClasses" : {
                          "type" : "constant",
                          "value" : ""
                        },
                        "hidden" : {
                          "type" : "constant",
                          "value" : false
                        },
                        "allowHTML" : {
                          "type" : "constant",
                          "value" : true
                        },
                        "headers" : {
                          "type" : "constant",
                          "value" : [
                            "Codigo",
                            "Nombre",
                            "Tiempo minimo",
                            "Tiempo máximo",
                            "Tiempo promedio",
                            "Capacidad MT",
                            "Alerta inicio",
                            "Alerta subsecuente",
                            "Estado"
                          ]
                        },
                        "content" : {
                          "type" : "expression",
                          "value" : "areaTable"
                        },
                        "columnsKey" : {
                          "type" : "constant",
                          "value" : [
                            "codigo_area",
                            "nombre_area",
                            "tiempo_minimo",
                            "tiempo_maximo",
                            "tiempo_promedio",
                            "capacidad_area_mt",
                            "alerta_inicio",
                            "alerta_subsecuente",
                            "estado_registro"
                          ]
                        },
                        "selectedRow" : {
                          "type" : "variable",
                          "value" : "area"
                        },
                        "striped" : {
                          "type" : "constant",
                          "value" : false
                        },
                        "condensed" : {
                          "type" : "constant",
                          "value" : true
                        },
                        "bordered" : {
                          "type" : "constant",
                          "value" : true
                        }
                      },
                      "reference" : "b5af7a72-4f68-44bb-8099-bd06c393d905",
                      "hasValidationError" : false,
                      "id" : "pbTable"
                    }
                  ]
                ]
              },
              {
                "type" : "container",
                "dimension" : {
                  "xs" : 1
                },
                "propertyValues" : {
                  "cssClasses" : {
                    "type" : "constant",
                    "value" : ""
                  },
                  "hidden" : {
                    "type" : "constant",
                    "value" : false
                  },
                  "repeatedCollection" : {
                    "type" : "variable",
                    "value" : ""
                  }
                },
                "reference" : "54eb8ad0-a030-4023-954c-b5424ec47db2",
                "hasValidationError" : false,
                "id" : "pbContainer",
                "rows" : [
                  [ ]
                ]
              }
            ]
          ]
        }
      }
    ]
  ],
  "assets" : [
    {
      "id" : "68bb8d8f-b22c-40db-b168-576351ac7b98",
      "name" : "style.css",
      "type" : "css",
      "order" : 0,
      "external" : false
    }
  ],
  "inactiveAssets" : [ ],
  "variables" : {
    "area" : {
      "type" : "url",
      "value" : [
        "../{{context.area_ref.link}}"
      ],
      "exposed" : false
    },
    "formOutput" : {
      "type" : "expression",
      "value" : [
        "if( $data.area ){",
        "\treturn {",
        "\t\t\"areaId\": $data.area.persistenceId !== undefined ? $data.area.persistenceId : null,",
        "\t\t\"tMinimo\": $data.area.tiempo_minimo !== undefined ? $data.area.tiempo_minimo : null,",
        "\t\t\"tMaximo\": $data.area.tiempo_maximo !== undefined ? $data.area.tiempo_maximo : null,",
        "\t\t\"tPromedio\": $data.area.tiempo_promedio !== undefined ? $data.area.tiempo_promedio : null,",
        "\t\t\"estado\": $data.area.estado_registro !== undefined ? $data.area.estado_registro : null,",
        "\t    \"capacidadMt\":$data.area.capacidad_area_mt !== undefined ? $data.area.capacidad_area_mt : null,",
        "\t    \"alertaInicio\":$data.area.alerta_inicio !== undefined ? $data.area.alerta_inicio : null,",
        "\t    \"alertaSubsecuente\":$data.area.alerta_subsecuente !== undefined ? $data.area.alerta_subsecuente : null,",
        "\t    \"usuarioMod\": $data.user.user_name !== undefined ? $data.user.user_name : null,",
        "\t    \"fechaMod\": $data.fecha!== undefined ? $data.fecha : null",
        "\t}",
        "}"
      ],
      "exposed" : false
    },
    "areaTable" : {
      "type" : "businessdata",
      "value" : [
        "{\"displayValue\":\"find [com.company.model.Area]\",\"businessObjectName\":\"Area\",\"query\":{\"name\":\"find\",\"displayName\":\"find\"},\"id\":\"com.company.model.Area\",\"filters\":[],\"pagination\":{\"p\":\"0\",\"c\":\"10\"}}"
      ],
      "exposed" : false
    },
    "formError" : {
      "type" : "constant",
      "exposed" : false
    },
    "estados" : {
      "type" : "json",
      "value" : [
        "[",
        "    {",
        "    \"id\":\"A\",",
        "    \"label\":\"ACTIVA\"",
        "    },",
        "    {",
        "    \"id\":\"I\",",
        "    \"label\":\"INACTIVA\"",
        "    }",
        "]"
      ],
      "exposed" : false
    },
    "starEditarArea" : {
      "type" : "url",
      "value" : [
        "../API/bpm/process?s=EditarArea &p=0&c=1&o=version%20DESC&f=activationState=ENABLED"
      ],
      "exposed" : false
    },
    "urlStarEditarArea" : {
      "type" : "expression",
      "value" : [
        "if ($data.starEditarArea  && $data.starEditarArea.length > 0) {\r",
        "    var url =\"../API/bpm/process/\"+\r",
        "    $data.starEditarArea[0].id+\"/instantiation\";\r",
        "    return url;\r",
        "} else {\r",
        "  return null;\r",
        "}"
      ],
      "exposed" : false
    },
    "fecha" : {
      "type" : "expression",
      "value" : [
        "return new Date();"
      ],
      "exposed" : false
    },
    "user" : {
      "type" : "url",
      "value" : [
        "../API/system/session/1"
      ],
      "exposed" : false
    }
  },
  "hasValidationError" : false,
  "uuid" : "a4f7d400-0787-45a1-b23e-5d3c6de9bed5",
  "type" : "page",
  "description" : "Page generated with Bonita UI designer"
}