{
  "fr-FR": {
    "BPM services":"Services BPM",
    "Status":"Statut",
    "Running":"En cours d'exécution",
    "Paused":"Suspendu",
    "Resume":"Reprendre",
    "Pause":"Suspendre",
    "You need to pause the BPM services when you make an update to your environment that cannot be done while there are active users.":"Pour faire une mise à jour de votre environnement qui requiert qu'aucun utilisateur ne soit connecté, vous devez suspendre les services BPM.",
    "When the services are paused:":"Lorsque les services sont suspendus :",
    "Only the technical user can log in to the Portal.":"Seul l'utilisateur technique peut se connecter au Portal.",
    "Users who are currently logged in, including Administrator users, are automatically logged out.":"Les utilisateurs déjà connectés, y compris les administrateurs, sont automatiquement déconnectés.",
    "Users who are filling in forms when the services are paused will lose any information that has not been submitted.":"Les informations en cours de soumission lors de la suspension du service seront perdues.",
    "All processes are automatically paused.":"Tous les processus sont automatiquement mis en pause.",
    "When you resume the services, tell your users that they can log back in to the Portal.":"Lorsque vous relancez les services, prévenez les utilisateurs qu'ils peuvent se connecter à nouveau.",
    "Are your sure you want to deactivate the services?":"Êtes vous sûr de vouloir arrêter les services?",
    "Are your sure you want to activate the services?":"Êtes vous sûr de vouloir reprendre les services?",
    "Services will be paused for maintenance.":"Les services vont être suspendus pour raison de maintenance.",
    "Services will resume. Users will be able to log in.":"Les services vont reprendre. Les utilisateurs pourront à nouveau se connecter.",
    "Cancel":"Annuler",
    "Title": "Titre",
    "Default label": "Libellé par défaut",
    "Default name": "Nom par défaut",
    "Select": "Sélection",
    "Select an option": "Sélectionnez une option",
    "green": "vert",
    "red": "rouge",
    "blue": "bleu",
    "yes": "oui",
    "no": "non",
    "Id": "Id",
    "Name": "Nom",
    "Description": "Description",
    "Link": "Lien",
    "Submit": "Soumettre",
    "This field is required": "Ce champ est obligatoire",
    "This field length should be larger": "Ce champ doit contenir plus de caractères",
    "This field length should be smaller": "Ce champ doit contenir moins de caractères",
    "This value is too small": "La valeur de ce champ est trop petite",
    "This value is too large": "La valeur de ce champ est trop grande",
    "This is not a valid email": "L'email saisi n'est pas valide",
    "Toggle the text area to HTML source code / Rich text area": "Basculer l'affichage du texte vers HTML / Rich Text",
    "Heading ": "Titre ",
    "Paragraph": "Paragraphe",
    "Preformatted text": "Texte préformaté",
    "Unordered List": "Liste",
    "Ordered List": "Liste numérotée",
    "Quote/unquote selection or paragraph": "Formater le paragraphe ou la sélection en citation",
    "Undo": "Annuler",
    "Redo": "Rétablir",
    "Bold": "Gras",
    "Italic": "Italique",
    "Underline": "Souligné",
    "Strikethrough": "Barré",
    "Align text left": "Aligner le texte à gauche",
    "Align text right": "Aligner le texte à droite",
    "Justify text": "Justifier le texte",
    "Center": "Centrer",
    "Increase indent": "Augmenter l'indentation",
    "Decrease indent": "Diminuer l'indentation",
    "Clear formatting": "Effacer le formatage",
    "Please enter an image URL to insert": "Saisissez l'URL de l'image à insérer",
    "Insert image": "Insérer une image",
    "Insert video": "Insérer une vidéo",
    "Please enter a youtube URL to embed": "Saisissez une URL YouTube à embarquer",
    "Insert / edit link": "Insérer/éditer un lien",
    "Please enter a URL to insert": "Entrez une URL à insérer",
    "Relink": "Changer le lien",
    "Unlink": "Enlever le lien",
    "Open in New Window": "Ouvrir dans une nouvelle fenêtre",
    "Display words Count": "Afficher le nombre de mots",
    "Display characters Count": "Afficher le nombre de caractères",
    "The requested content cannot be loaded.<br />Please try again later.": "Le contenu demandé ne peut pas être téléchargé.<br/> Veuillez réessayer plus tard.",
    "Date": "Date",
    "MM/dd/yyyy": "dd/MM/yyyy",
    "Today": "Aujourd'hui",
    "Now": "Maintenant",
    "Enter a date (mm/dd/yyyy)": "Saisissez une date (jj/mm/aaaa)",
    "Date and time": "Date et heure",
    "h:mm:ss a": "HH:mm:ss",
    "Enter a time (h:mm:ss a)": "Saisissez une heure (hh:mm:ss)",
    "$locale": {
      "DATETIME_FORMATS": {
        "AMPMS": [
          "AM",
          "PM"
        ],
        "DAY": [
          "dimanche",
          "lundi",
          "mardi",
          "mercredi",
          "jeudi",
          "vendredi",
          "samedi"
        ],
        "FIRSTDAYOFWEEK": 1,
        "MONTH": [
          "janvier",
          "f\u00e9vrier",
          "mars",
          "avril",
          "mai",
          "juin",
          "juillet",
          "ao\u00fbt",
          "septembre",
          "octobre",
          "novembre",
          "d\u00e9cembre"
        ],
        "SHORTDAY": [
          "dim.",
          "lun.",
          "mar.",
          "mer.",
          "jeu.",
          "ven.",
          "sam."
        ],
        "SHORTMONTH": [
          "janv.",
          "f\u00e9vr.",
          "mars",
          "avr.",
          "mai",
          "juin",
          "juil.",
          "ao\u00fbt",
          "sept.",
          "oct.",
          "nov.",
          "d\u00e9c."
        ],
        "fullDate": "EEEE d MMMM y",
        "longDate": "d MMMM y",
        "medium": "d MMM y HH:mm:ss",
        "mediumDate": "d MMM y",
        "mediumTime": "HH:mm:ss",
        "short": "dd/MM/y HH:mm",
        "shortDate": "dd/MM/y",
        "shortTime": "HH:mm"
      }
    }
  },
  "es-ES": {
    "BPM services":"Servicios BPM",
    "Status":"Estado",
    "Running":"EN EJECUCIÓN",
    "Paused":"Suspendido",
    "Resume":"Reanudar",
    "Pause":"Pausar",
    "You need to pause the BPM services when you make an update to your environment that cannot be done while there are active users.":"Necesita pausar el servicio BPM cuando realiza una actualización en su entorno que no se puede hacer mientras haya usuarios activos.",
    "When the services are paused:":"Cuando se interrumpe el servicio:",
    "Only the technical user can log in to the Portal.":"Sólo el usuario técnico puede iniciar sesión en el Portal.",
    "Users who are currently logged in, including Administrator users, are automatically logged out.":"Los usuarios que están logueados actualmente, incluyendo los usuarios administradores, son automáticamente deslogueados.",
    "Users who are filling in forms when the services are paused will lose any information that has not been submitted.":"Los usuarios que están cumplimentando los formularios perderán cualquier información que no haya sido enviada cuando se interrumpe el servicio.",
    "All processes are automatically paused.":"Todos los procesos están automáticamente pausados.",
    "When you resume the services, tell your users that they can log back in to the Portal.":"Al reanudar el servicio, Digale a los usuarios que pueden iniciar sesión de nuevo en el Portal.",
    "Are your sure you want to deactivate the services?":"¿Desea realmente desactivar del servicio?",
    "Are your sure you want to activate the services?":"¿Desea realmente activar del servicio?",
    "Services will be paused for maintenance.":"Los servicios se pausarán por mantenimiento.",
    "Services will resume. Users will be able to log in.":"Los servicios se reanudarán. Los usuarios podrán conectarse.",
    "Cancel":"Cancelar",
    "Title": "Título",
    "Default label": "Etiqueta por defecto",
    "Default name": "Nombre por defecto",
    "Select": "Seleccionar",
    "Select an option": "Selecciona una opción",
    "green": "verde",
    "red": "rojo",
    "blue": "azul",
    "yes": "sí",
    "no": "no",
    "Id": "Id",
    "Name": "Nombre",
    "Description": "Descripción",
    "Link": "Enlace",
    "Submit": "Enviar",
    "This field is required": "Este campo es requerido",
    "This field length should be larger": "La longitud de este campo debería ser mayor",
    "This field length should be smaller": "La longitud de este campo debería ser menor",
    "This value is too small": "El valor de este campo es demasiado pequeño",
    "This value is too large": "El valor de este campo es demasiado grande",
    "This is not a valid email": "El email introducido no es válido",
    "Toggle the text area to HTML source code / Rich text area": "Cambiar la zona de texto por código fuente HTML / Área de texto enriquecido",
    "Heading ": "Título",
    "Paragraph": "Parráfo",
    "Preformatted text": "Texto preformateado",
    "Unordered List": "Lista sin ordenar",
    "Ordered List": "Lista ordenada",
    "Quote/unquote selection or paragraph": "Citar / no citar selección o párrafo",
    "Undo": "Deshacer",
    "Redo": "Rehacer",
    "Bold": "Negrita",
    "Italic": "Itálico",
    "Underline": "Subrayado",
    "Strikethrough": "Tachado",
    "Align text left": "Alinear texto a la izquierda",
    "Align text right": "Alinear texto a la derecha",
    "Justify text": "Justifica el texto",
    "Center": "Centrar",
    "Increase indent": "Aumentar sangría",
    "Decrease indent": "Disminuir sangría",
    "Clear formatting": "Borrar el formato",
    "Please enter an image URL to insert": "Por favor ingrese una URL de imagen para insertar",
    "Insert image": "Insertar imagen",
    "Insert video": "Insertar video",
    "Please enter a youtube URL to embed": "Por favor, introduzca una URL de youtube para incrustar",
    "Insert / edit link": "Insertar / editar enlace",
    "Please enter a URL to insert": "Por favor ingrese una URL para insertar",
    "Relink": "Rehacer el enlace",
    "Unlink": "Deshacer el enlace",
    "Open in New Window": "Abrir en una nueva ventana",
    "Display words Count": "Mostrar el número de palabras",
    "Display characters Count": "Mostrar el número de carácteres",
    "The requested content cannot be loaded.<br />Please try again later.": "El contenido solicitado no puede mostrarse.",
    "Today": "Hoy",
    "Now": "Ahora",
    "Date": "Fecha",
    "MM/dd/yyyy": "dd/MM/yyyy",
    "Enter a date (mm/dd/yyyy)": "Introducir una fecha (dd/mm/aaaa)",
    "Date and time": "Fecha y hora",
    "h:mm:ss a": "H:mm:ss",
    "Enter a time (h:mm:ss a)": "Introducir una hora (h:mm:ss)",
    "$locale": {
      "DATETIME_FORMATS": {
        "AMPMS": [
          "a. m.",
          "p. m."
        ],
        "DAY": [
          "domingo",
          "lunes",
          "martes",
          "mi\u00e9rcoles",
          "jueves",
          "viernes",
          "s\u00e1bado"
        ],
        "FIRSTDAYOFWEEK": 0,
        "MONTH": [
          "enero",
          "febrero",
          "marzo",
          "abril",
          "mayo",
          "junio",
          "julio",
          "agosto",
          "septiembre",
          "octubre",
          "noviembre",
          "diciembre"
        ],
        "SHORTDAY": [
          "dom.",
          "lun.",
          "mar.",
          "mi\u00e9.",
          "jue.",
          "vie.",
          "s\u00e1b."
        ],
        "SHORTMONTH": [
          "ene.",
          "feb.",
          "mar.",
          "abr.",
          "may.",
          "jun.",
          "jul.",
          "ago.",
          "sept.",
          "oct.",
          "nov.",
          "dic."
        ],
        "fullDate": "EEEE, d 'de' MMMM 'de' y",
        "longDate": "d 'de' MMMM 'de' y",
        "medium": "d 'de' MMM 'de' y H:mm:ss",
        "mediumDate": "d 'de' MMM 'de' y",
        "mediumTime": "H:mm:ss",
        "short": "d/M/yy H:mm",
        "shortDate": "d/M/yy",
        "shortTime": "H:mm"
      }
    }
  },
  "ja-JP": {
    "BPM services":"",
    "Status":"",
    "Running":"",
    "Paused":"",
    "Resume":"",
    "Pause":"",
    "You need to pause the BPM services when you make an update to your environment that cannot be done while there are active users.":"",
    "When the services are paused:":"",
    "Only the technical user can log in to the Portal.":"",
    "Users who are currently logged in, including Administrator users, are automatically logged out.":"",
    "Users who are filling in forms when the services are paused will lose any information that has not been submitted.":"",
    "All processes are automatically paused.":"",
    "When you resume the services, tell your users that they can log back in to the Portal.":"",
    "Are your sure you want to deactivate the services?":"",
    "Are your sure you want to activate the services?":"",
    "Services will be paused for maintenance.":"",
    "Services will resume. Users will be able to log in.":"",
    "Cancel":"",
    "Title": "タイトル",
    "Default label": "デフォルト ラベル",
    "Default name": "デフォルト名",
    "Select": "選択",
    "Select an option": "オプションを選択してください",
    "green": "",
    "red": "",
    "blue": "",
    "yes": "はい",
    "no": "いいえ",
    "Id": "ID",
    "Name": "名前",
    "Description": "説明",
    "Link": "リンク",
    "Submit": "送信",
    "This field is required": "",
    "This field length should be larger": "",
    "This field length should be smaller": "",
    "This value is too small": "",
    "This value is too large": "",
    "This is not a valid email": "",
    "Toggle the text area to HTML source code / Rich text area": "",
    "Heading ": " ",
    "Paragraph": "",
    "Preformatted text": "",
    "Unordered List": "",
    "Ordered List": "",
    "Quote/unquote selection or paragraph": "",
    "Undo": "元に戻す",
    "Redo": "やり直し",
    "Bold": "太字",
    "Italic": "斜体",
    "Underline": "下線",
    "Strikethrough": "取り消し線",
    "Align text left": "",
    "Align text right": "",
    "Justify text": "",
    "Center": "中央揃え",
    "Increase indent": "",
    "Decrease indent": "",
    "Clear formatting": "",
    "Please enter an image URL to insert": "",
    "Insert image": "画像を挿入",
    "Insert video": "",
    "Please enter a youtube URL to embed": "",
    "Insert / edit link": "",
    "Please enter a URL to insert": "",
    "Relink": "",
    "Unlink": "",
    "Open in New Window": "",
    "Display words Count": "",
    "Display characters Count": "",
    "The requested content cannot be loaded.<br />Please try again later.": "",
    "Today": "今日",
    "Now": "",
    "Date": "",
    "MM/dd/yyyy": "y/MM/dd",
    "Enter a date (mm/dd/yyyy)": "日付（mm/dd/yyyy）を入力します",
    "Date and time": "日付と時刻",
    "h:mm:ss a": "H:mm:ss",
    "Enter a time (h:mm:ss a)": "時刻を入力 (h:mm:ss a)",
    "$locale": {
      "DATETIME_FORMATS": {
        "AMPMS": [
          "\u5348\u524d",
          "\u5348\u5f8c"
        ],
        "DAY": [
          "\u65e5\u66dc\u65e5",
          "\u6708\u66dc\u65e5",
          "\u706b\u66dc\u65e5",
          "\u6c34\u66dc\u65e5",
          "\u6728\u66dc\u65e5",
          "\u91d1\u66dc\u65e5",
          "\u571f\u66dc\u65e5"
        ],
        "FIRSTDAYOFWEEK": 6,
        "MONTH": [
          "1\u6708",
          "2\u6708",
          "3\u6708",
          "4\u6708",
          "5\u6708",
          "6\u6708",
          "7\u6708",
          "8\u6708",
          "9\u6708",
          "10\u6708",
          "11\u6708",
          "12\u6708"
        ],
        "SHORTDAY": [
          "\u65e5",
          "\u6708",
          "\u706b",
          "\u6c34",
          "\u6728",
          "\u91d1",
          "\u571f"
        ],
        "SHORTMONTH": [
          "1\u6708",
          "2\u6708",
          "3\u6708",
          "4\u6708",
          "5\u6708",
          "6\u6708",
          "7\u6708",
          "8\u6708",
          "9\u6708",
          "10\u6708",
          "11\u6708",
          "12\u6708"
        ],
        "fullDate": "y\u5e74M\u6708d\u65e5EEEE",
        "longDate": "y\u5e74M\u6708d\u65e5",
        "medium": "y/MM/dd H:mm:ss",
        "mediumDate": "y/MM/dd",
        "mediumTime": "H:mm:ss",
        "short": "y/MM/dd H:mm",
        "shortDate": "y/MM/dd",
        "shortTime": "H:mm"
      }
    }
  },
  "pt-BR": {
    "BPM services":"Serviços BPM",
    "Status":"Status",
    "Running":"Rodando",
    "Paused":"Paused",
    "Resume":"Resume",
    "Pause":"Pause",
    "You need to pause the BPM services when you make an update to your environment that cannot be done while there are active users.":"Você precisa pausar os serviços de BPM quando fizer uma atualização em seu ambiente que não possa ser feita enquanto houver usuários ativos.",
    "When the services are paused:":"Quando os serviços são pausados:",
    "Only the technical user can log in to the Portal.":"Somente usuários técnicos podem acessar o Portal.",
    "Users who are currently logged in, including Administrator users, are automatically logged out.":"Os usuários que estão atualmente conectados, incluindo usuários Administradores, são desconectados automaticamente.",
    "Users who are filling in forms when the services are paused will lose any information that has not been submitted.":"Os usuários que estão preenchendo formulários quando os serviços são pausados perderão todas as informações que não foram enviadas.",
    "All processes are automatically paused.":"Todos os processos são automaticamente pausados.",
    "When you resume the services, tell your users that they can log back in to the Portal.":"Ao retomar os serviços, informe seus usuários de que eles podem efetuar login novamente no Portal.",
    "Are your sure you want to deactivate the services?":"Você tem certeza que quer desativar os serviços?",
    "Are your sure you want to activate the services?":"Você tem certeza que quer ativar os serviços?",
    "Services will be paused for maintenance.":"Serviços serão pausados para manutenção.",
    "Services will resume. Users will be able to log in.":"Os serviços serão retomados. Os usuários poderão fazer login.",
    "Cancel":"Cancelar",
    "Title": "Título",
    "Default label": "Etiqueta padrão",
    "Default name": "Nome padrão",
    "Select": "Selecionar",
    "Select an option": "Selecionar uma opção",
    "green": "verde",
    "red": "vermelho",
    "blue": "azul",
    "yes": "sim",
    "no": "não",
    "Id": "Id",
    "Name": "Nome",
    "Description": "Descrição",
    "Link": "Link",
    "Submit": "Submeter",
    "This field is required": "Este campo é requerido",
    "This field length should be larger": "Este comprimento de campo deve ser maior",
    "This field length should be smaller": "Este comprimento do campo deve ser menor",
    "This value is too small": "Este valor é muito pequeno",
    "This value is too large": "Este valor é muito grande",
    "This is not a valid email": "Não é um email válido",
    "Toggle the text area to HTML source code / Rich text area": "Alternar a área de texto para o código-fonte HTML / área de rich text",
    "Heading ": "Título ",
    "Paragraph": "Paragrafo",
    "Preformatted text": "Texto preformatado",
    "Unordered List": "Lista não ordenada",
    "Ordered List": "Lista ordenada",
    "Quote/unquote selection or paragraph": "Marcar / Desmarcar seleção ou parágrafo",
    "Undo": "Desfazer",
    "Redo": "Pronto",
    "Bold": "Negrito",
    "Italic": "Italico",
    "Underline": "Sublinhado",
    "Strikethrough": "Tachado",
    "Align text left": "Alinhar texto a esquerda",
    "Align text right": "Alinhar texto a direita",
    "Justify text": "Texto Justificado",
    "Center": "Centralizado",
    "Increase indent": "Aumentar recuo",
    "Decrease indent": "Diminuir recuo",
    "Clear formatting": "Limpar formatação",
    "Please enter an image URL to insert": "Por favor entre com uma URL para inserir",
    "Insert image": "Inserir imagem",
    "Insert video": "Insereir video",
    "Please enter a youtube URL to embed": "Por favor entre com uma URL para inserir",
    "Insert / edit link": "Inserir / editar link",
    "Please enter a URL to insert": "Por favor entre com uma URL para inserir",
    "Relink": "Relink",
    "Unlink": "Unlink",
    "Open in New Window": "Abrir em Nova Janela",
    "Display words Count": "Exibir contagem de palavras",
    "Display characters Count": "Exibir contagem de caracteres",
    "The requested content cannot be loaded.<br />Please try again later.": "O conteúdo solicitado não pode ser carregado.<br />Por favor tente mais tarde.",
    "Today": "Hoje",
    "Now": "Agora",
    "Date": "Data",
    "MM/dd/yyyy": "MM/dd/yyyy",
    "Enter a date (mm/dd/yyyy)": "Entre com uma data (mm/dd/yyyy)",
    "Date and time": "Data e hora",
    "h:mm:ss a": "h:mm:ss a",
    "Enter a time (h:mm:ss a)": "Entre com uma hora (h:mm:ss a)",
    "$locale": {
      "DATETIME_FORMATS": {
        "AMPMS": [
          "AM",
          "PM"
        ],
        "DAY": [
          "domingo",
          "segunda-feira",
          "ter\u00e7a-feira",
          "quarta-feira",
          "quinta-feira",
          "sexta-feira",
          "s\u00e1bado"
        ],
        "FIRSTDAYOFWEEK": 6,
        "MONTH": [
          "janeiro",
          "fevereiro",
          "mar\u00e7o",
          "abril",
          "maio",
          "junho",
          "julho",
          "agosto",
          "setembro",
          "outubro",
          "novembro",
          "dezembro"
        ],
        "SHORTDAY": [
          "dom",
          "seg",
          "ter",
          "qua",
          "qui",
          "sex",
          "s\u00e1b"
        ],
        "SHORTMONTH": [
          "jan",
          "fev",
          "mar",
          "abr",
          "mai",
          "jun",
          "jul",
          "ago",
          "set",
          "out",
          "nov",
          "dez"
        ],
        "fullDate": "EEEE, d 'de' MMMM 'de' y",
        "longDate": "d 'de' MMMM 'de' y",
        "medium": "d 'de' MMM 'de' y HH:mm:ss",
        "mediumDate": "d 'de' MMM 'de' y",
        "mediumTime": "HH:mm:ss",
        "short": "dd/MM/yy HH:mm",
        "shortDate": "dd/MM/yy",
        "shortTime": "HH:mm"
      }
    }
  }
}
