{
  "designerVersion" : "1.10.18",
  "previousDesignerVersion" : "1.10.5",
  "id" : "ApplicationHomeBonita",
  "name" : "ApplicationHomeBonita",
  "lastUpdate" : 1570457724951,
  "rows" : [
    [
      {
        "type" : "container",
        "dimension" : {
          "xs" : 12,
          "sm" : 10,
          "md" : 10,
          "lg" : 8
        },
        "propertyValues" : {
          "cssClasses" : {
            "type" : "constant",
            "value" : "col-lg-offset-2 col-md-offset-1 col-sm-offset-1"
          },
          "hidden" : {
            "type" : "constant",
            "value" : false
          },
          "repeatedCollection" : {
            "type" : "variable",
            "value" : ""
          }
        },
        "reference" : "5c26af41-b51c-424c-98ec-089bb4300d31",
        "hasValidationError" : false,
        "id" : "pbContainer",
        "rows" : [
          [
            {
              "type" : "component",
              "dimension" : {
                "xs" : 12,
                "sm" : 12,
                "md" : 12,
                "lg" : 12
              },
              "propertyValues" : {
                "cssClasses" : {
                  "type" : "constant",
                  "value" : ""
                },
                "hidden" : {
                  "type" : "constant",
                  "value" : false
                },
                "text" : {
                  "type" : "interpolation",
                  "value" : "This is the default application home page"
                },
                "level" : {
                  "type" : "constant",
                  "value" : "Level 2"
                },
                "alignment" : {
                  "type" : "constant",
                  "value" : "left"
                }
              },
              "reference" : "cc7698ba-c5c9-4d4f-88be-8cdec1f6f526",
              "hasValidationError" : false,
              "id" : "pbTitle"
            }
          ],
          [
            {
              "type" : "container",
              "dimension" : {
                "xs" : 12,
                "sm" : 12,
                "md" : 12,
                "lg" : 12
              },
              "propertyValues" : {
                "cssClasses" : {
                  "type" : "constant",
                  "value" : "panel panel-default"
                },
                "hidden" : {
                  "type" : "constant",
                  "value" : false
                },
                "repeatedCollection" : {
                  "type" : "variable",
                  "value" : ""
                }
              },
              "reference" : "624d56a1-178d-49b3-a773-4c67c48e223d",
              "hasValidationError" : false,
              "id" : "pbContainer",
              "rows" : [
                [
                  {
                    "type" : "component",
                    "dimension" : {
                      "xs" : 12,
                      "sm" : 12,
                      "md" : 12,
                      "lg" : 12
                    },
                    "propertyValues" : {
                      "cssClasses" : {
                        "type" : "constant",
                        "value" : ""
                      },
                      "hidden" : {
                        "type" : "constant",
                        "value" : false
                      },
                      "text" : {
                        "type" : "interpolation",
                        "value" : "Bonita Application"
                      },
                      "level" : {
                        "type" : "constant",
                        "value" : "Level 4"
                      },
                      "alignment" : {
                        "type" : "constant",
                        "value" : "left"
                      }
                    },
                    "reference" : "4dd4df47-56e6-47c0-9483-44c9cc3da46b",
                    "hasValidationError" : false,
                    "id" : "pbTitle"
                  }
                ],
                [
                  {
                    "type" : "component",
                    "dimension" : {
                      "xs" : 12,
                      "sm" : 12,
                      "md" : 12,
                      "lg" : 12
                    },
                    "propertyValues" : {
                      "cssClasses" : {
                        "type" : "constant",
                        "value" : ""
                      },
                      "hidden" : {
                        "type" : "constant",
                        "value" : false
                      },
                      "labelHidden" : {
                        "type" : "constant",
                        "value" : true
                      },
                      "label" : {
                        "type" : "interpolation",
                        "value" : "Default label"
                      },
                      "labelPosition" : {
                        "type" : "constant",
                        "value" : "top"
                      },
                      "labelWidth" : {
                        "type" : "constant",
                        "value" : 4
                      },
                      "allowHTML" : {
                        "type" : "constant",
                        "value" : true
                      },
                      "text" : {
                        "type" : "interpolation",
                        "value" : "An application is a collection of pages and processes that meets a business need. It contains some or all of the following:"
                      },
                      "alignment" : {
                        "type" : "constant",
                        "value" : "left"
                      }
                    },
                    "reference" : "816dca34-ceac-4265-bfd0-f23ef63f28a1",
                    "hasValidationError" : false,
                    "id" : "pbText"
                  }
                ],
                [
                  {
                    "type" : "component",
                    "dimension" : {
                      "xs" : 12,
                      "sm" : 12,
                      "md" : 12,
                      "lg" : 12
                    },
                    "propertyValues" : {
                      "cssClasses" : {
                        "type" : "constant",
                        "value" : ""
                      },
                      "hidden" : {
                        "type" : "constant",
                        "value" : false
                      },
                      "labelHidden" : {
                        "type" : "constant",
                        "value" : true
                      },
                      "label" : {
                        "type" : "interpolation",
                        "value" : "Default label"
                      },
                      "labelPosition" : {
                        "type" : "constant",
                        "value" : "top"
                      },
                      "labelWidth" : {
                        "type" : "constant",
                        "value" : 4
                      },
                      "allowHTML" : {
                        "type" : "constant",
                        "value" : true
                      },
                      "text" : {
                        "type" : "interpolation",
                        "value" : "{{links}}"
                      },
                      "alignment" : {
                        "type" : "constant",
                        "value" : "left"
                      }
                    },
                    "reference" : "d1a20345-9a33-4cf1-9996-0f6719a8ad09",
                    "hasValidationError" : false,
                    "id" : "pbText"
                  }
                ],
                [
                  {
                    "type" : "component",
                    "dimension" : {
                      "xs" : 12,
                      "sm" : 12,
                      "md" : 12,
                      "lg" : 12
                    },
                    "propertyValues" : {
                      "cssClasses" : {
                        "type" : "constant",
                        "value" : ""
                      },
                      "hidden" : {
                        "type" : "constant",
                        "value" : false
                      },
                      "text" : {
                        "type" : "interpolation",
                        "value" : "Defining a new application"
                      },
                      "level" : {
                        "type" : "constant",
                        "value" : "Level 4"
                      },
                      "alignment" : {
                        "type" : "constant",
                        "value" : "left"
                      }
                    },
                    "reference" : "4c39fe59-6f5c-4f07-a7fa-6a6d09851436",
                    "hasValidationError" : false,
                    "id" : "pbTitle"
                  }
                ],
                [
                  {
                    "type" : "component",
                    "dimension" : {
                      "xs" : 12,
                      "sm" : 12,
                      "md" : 12,
                      "lg" : 12
                    },
                    "propertyValues" : {
                      "cssClasses" : {
                        "type" : "constant",
                        "value" : ""
                      },
                      "hidden" : {
                        "type" : "constant",
                        "value" : false
                      },
                      "labelHidden" : {
                        "type" : "constant",
                        "value" : true
                      },
                      "label" : {
                        "type" : "interpolation",
                        "value" : "Default label"
                      },
                      "labelPosition" : {
                        "type" : "constant",
                        "value" : "top"
                      },
                      "labelWidth" : {
                        "type" : "constant",
                        "value" : 4
                      },
                      "allowHTML" : {
                        "type" : "constant",
                        "value" : true
                      },
                      "text" : {
                        "type" : "interpolation",
                        "value" : "{{newApplication}}"
                      },
                      "alignment" : {
                        "type" : "constant",
                        "value" : "left"
                      }
                    },
                    "reference" : "f4cb7a76-2514-40a9-8c3b-e2cfb2d8d2e1",
                    "hasValidationError" : false,
                    "id" : "pbText"
                  }
                ]
              ]
            }
          ]
        ]
      }
    ]
  ],
  "assets" : [
    {
      "id" : "35d64f6d-0ac7-4e38-8d57-c7d5f18d3805",
      "name" : "localization.json",
      "type" : "json",
      "order" : 7,
      "external" : false
    },
    {
      "id" : "e8347b3a-2d4f-477c-9895-728f0454f7ec",
      "name" : "style.css",
      "type" : "css",
      "order" : 0,
      "external" : false
    }
  ],
  "inactiveAssets" : [ ],
  "variables" : {
    "links" : {
      "type" : "expression",
      "value" : [
        "var htmlElements =  '<ul>' +\r",
        "                        '<li>' +\r",
        "                            '<a href=\"https://documentation.bonitasoft.com/bonita/7.9/layouts\" target=\"_blank\" class=\"text-info\">' + uiTranslate('Layout') + '</a>: ' +\r",
        "                            uiTranslate(\"the frame in which application pages are displayed.\") + \r",
        "                        '</li>' +\r",
        "\r",
        "                        '<li>' +\r",
        "                            '<a href=\"https://documentation.bonitasoft.com/bonita/7.9/pages\" target=\"_blank\" class=\"text-info\">' + uiTranslate('Pages') + '</a>: ' +\r",
        "                            uiTranslate('the user interface components of the application. An application must contain at least one page.') + \r",
        "                         '</li>' +\r",
        "\r",
        "                        '<li>' +\r",
        "                            '<a href=\"https://documentation.bonitasoft.com/bonita/7.5/processes\" target=\"_blank\" class=\"text-info\">' + uiTranslate('Processes') + '</a>: ' +\r",
        "                            uiTranslate('the logic execution components of the application. An application must contain at least one process.') + ' ' +\r",
        "                            uiTranslate('A process can contain') + ' ' + '<a href=\"https://documentation.bonitasoft.com/bonita/7.5/forms\" target=\"_blank\" class=\"text-info\">' + uiTranslate('forms') + '</a>, ' +\r",
        "                            uiTranslate('which are the user interface of the process.') +\r",
        "                        '</li>' +\r",
        "\r",
        "                        '<li>' +\r",
        "                            '<a href=\"https://documentation.bonitasoft.com/bonita/7.5/rest-api-extensions\" target=\"_blank\" class=\"text-info\">' + uiTranslate('REST API extensions') + '</a>: ' +\r",
        "                            uiTranslate('called from pages or forms to retrieve data to be presented to the user.') +\r",
        "                        '</li>' +\r",
        "                        \r",
        "                        '<li>' +\r",
        "                            '<a href=\"https://documentation.bonitasoft.com/bonita/7.5/themes\" target=\"_blank\" class=\"text-info\">' + uiTranslate('Theme') + '</a> : ' +\r",
        "                            uiTranslate('the appearance of application pages, including fonts and colors.') +\r",
        "                        '</li>' +\r",
        "                    '</ul>';\r",
        "\r",
        "return htmlElements;"
      ],
      "exposed" : false
    },
    "newApplication" : {
      "type" : "expression",
      "value" : [
        "var text = '<p> ' +\r",
        "                uiTranslate('The definition of applications should be done from the studio, which makes it more straightforward to develop and package with other application artifacts.') + ' ' +\r",
        "                uiTranslate('For Enterprise, Efficiency and Performance editions, a graphical editor is provided on top of xml source code.') + ' ' +\r",
        "                uiTranslate('For more details, go to') + ' ' +\r",
        "                '<a href=\"https://documentation.bonitasoft.com/bonita/7.9/applicationCreation\" target=\"_blank\" class=\"text-info\"> ' +\r",
        "                    uiTranslate('Application descriptors') + \r",
        "                '</a>.'  + \r",
        "            '</p>';\r",
        "\r",
        "return text;"
      ],
      "exposed" : false
    }
  },
  "hasValidationError" : false,
  "uuid" : "beedf9b9-6edd-48ed-9db8-61f4d481fd2f",
  "type" : "page",
  "description" : "Page generated with Bonita UI designer"
}