{
  "designerVersion" : "1.11.52",
  "id" : "Retornar",
  "name" : "Retornar",
  "lastUpdate" : 1604084558815,
  "rows" : [
    [
      {
        "type" : "container",
        "dimension" : {
          "xs" : 1
        },
        "propertyValues" : {
          "cssClasses" : {
            "type" : "constant",
            "value" : ""
          },
          "hidden" : {
            "type" : "constant",
            "value" : false
          },
          "repeatedCollection" : {
            "type" : "variable",
            "value" : ""
          }
        },
        "reference" : "d9eaf74c-1fae-4684-a753-888242a74311",
        "hasValidationError" : false,
        "id" : "pbContainer",
        "rows" : [
          [ ]
        ]
      },
      {
        "type" : "container",
        "dimension" : {
          "xs" : 10
        },
        "propertyValues" : {
          "cssClasses" : {
            "type" : "constant",
            "value" : ""
          },
          "hidden" : {
            "type" : "constant",
            "value" : false
          },
          "repeatedCollection" : {
            "type" : "variable",
            "value" : ""
          }
        },
        "reference" : "64eb2e4e-930f-433e-a308-5f0be81bc4bc",
        "hasValidationError" : false,
        "id" : "pbContainer",
        "rows" : [
          [
            {
              "type" : "component",
              "dimension" : {
                "xs" : 12
              },
              "propertyValues" : {
                "cssClasses" : {
                  "type" : "constant",
                  "value" : ""
                },
                "hidden" : {
                  "type" : "constant",
                  "value" : false
                },
                "text" : {
                  "type" : "interpolation",
                  "value" : "Retorno de Flujo"
                },
                "level" : {
                  "type" : "constant",
                  "value" : "Level 2"
                },
                "alignment" : {
                  "type" : "constant",
                  "value" : "center"
                }
              },
              "reference" : "d92a1d05-c8e6-4d54-9d81-39ee8c0d4830",
              "hasValidationError" : false,
              "id" : "pbTitle"
            }
          ],
          [
            {
              "type" : "component",
              "dimension" : {
                "xs" : 11
              },
              "propertyValues" : {
                "cssClasses" : {
                  "type" : "constant",
                  "value" : ""
                },
                "hidden" : {
                  "type" : "constant",
                  "value" : false
                },
                "labelHidden" : {
                  "type" : "constant",
                  "value" : true
                },
                "label" : {
                  "type" : "interpolation",
                  "value" : "Default label"
                },
                "labelPosition" : {
                  "type" : "constant",
                  "value" : "top"
                },
                "labelWidth" : {
                  "type" : "constant",
                  "value" : 4
                },
                "allowHTML" : {
                  "type" : "constant",
                  "value" : true
                },
                "text" : {
                  "type" : "interpolation",
                  "value" : "<div class=\"alert alert-info\" translate><i class=\"\tglyphicon glyphicon-ok\" ></i>A continuacion, ingrese la Placa del flujo que desea retornar</div>"
                },
                "alignment" : {
                  "type" : "constant",
                  "value" : "left"
                }
              },
              "reference" : "489dd27b-943d-4d20-a2ba-d589cdea61fd",
              "hasValidationError" : false,
              "id" : "pbText"
            }
          ],
          [
            {
              "type" : "component",
              "dimension" : {
                "xs" : 6
              },
              "propertyValues" : {
                "cssClasses" : {
                  "type" : "constant",
                  "value" : ""
                },
                "hidden" : {
                  "type" : "constant",
                  "value" : false
                },
                "required" : {
                  "type" : "constant",
                  "value" : false
                },
                "minLength" : {
                  "type" : "constant",
                  "value" : ""
                },
                "maxLength" : {
                  "type" : "constant",
                  "value" : ""
                },
                "readOnly" : {
                  "type" : "constant",
                  "value" : false
                },
                "labelHidden" : {
                  "type" : "constant",
                  "value" : false
                },
                "label" : {
                  "type" : "interpolation",
                  "value" : "Placa"
                },
                "labelPosition" : {
                  "type" : "constant",
                  "value" : "top"
                },
                "labelWidth" : {
                  "type" : "constant",
                  "value" : 4
                },
                "placeholder" : {
                  "type" : "interpolation"
                },
                "value" : {
                  "type" : "variable",
                  "value" : "Placa"
                },
                "type" : {
                  "type" : "constant",
                  "value" : "text"
                },
                "min" : {
                  "type" : "constant"
                },
                "max" : {
                  "type" : "constant"
                },
                "step" : {
                  "type" : "constant",
                  "value" : 1
                }
              },
              "reference" : "2345fcb6-a11e-4397-bdb4-7951038fb381",
              "hasValidationError" : false,
              "id" : "pbInput"
            }
          ],
          [
            {
              "type" : "component",
              "dimension" : {
                "xs" : 11
              },
              "propertyValues" : {
                "cssClasses" : {
                  "type" : "constant",
                  "value" : ""
                },
                "hidden" : {
                  "type" : "constant",
                  "value" : false
                },
                "labelHidden" : {
                  "type" : "constant",
                  "value" : true
                },
                "label" : {
                  "type" : "interpolation",
                  "value" : "Default label"
                },
                "labelPosition" : {
                  "type" : "constant",
                  "value" : "top"
                },
                "labelWidth" : {
                  "type" : "constant",
                  "value" : 4
                },
                "allowHTML" : {
                  "type" : "constant",
                  "value" : true
                },
                "text" : {
                  "type" : "interpolation",
                  "value" : "<div class=\"alert alert-success\" translate><i class=\"\tglyphicon glyphicon-ok\" ></i>Confirme el flujo que desea cancelar seleccionandolo y presionado en retorar flujo</div>"
                },
                "alignment" : {
                  "type" : "constant",
                  "value" : "left"
                }
              },
              "reference" : "245529d5-27a3-48e8-b84e-cf4543c0a970",
              "hasValidationError" : false,
              "id" : "pbText"
            }
          ],
          [
            {
              "type" : "component",
              "dimension" : {
                "xs" : 5
              },
              "propertyValues" : {
                "cssClasses" : {
                  "type" : "constant",
                  "value" : ""
                },
                "hidden" : {
                  "type" : "constant",
                  "value" : false
                },
                "allowHTML" : {
                  "type" : "constant",
                  "value" : true
                },
                "headers" : {
                  "type" : "constant",
                  "value" : [
                    "Placa",
                    "Numero de Flujo"
                  ]
                },
                "content" : {
                  "type" : "expression",
                  "value" : "flujo"
                },
                "columnsKey" : {
                  "type" : "constant",
                  "value" : [
                    "placa",
                    "persistenceId"
                  ]
                },
                "selectedRow" : {
                  "type" : "variable",
                  "value" : "Selected"
                },
                "striped" : {
                  "type" : "constant",
                  "value" : true
                },
                "condensed" : {
                  "type" : "constant",
                  "value" : false
                },
                "bordered" : {
                  "type" : "constant",
                  "value" : false
                }
              },
              "reference" : "b63d6e33-646d-4039-80f8-e9ae678c4c9f",
              "hasValidationError" : false,
              "id" : "pbTable"
            },
            {
              "type" : "container",
              "dimension" : {
                "xs" : 7
              },
              "propertyValues" : {
                "cssClasses" : {
                  "type" : "constant",
                  "value" : ""
                },
                "hidden" : {
                  "type" : "constant",
                  "value" : false
                },
                "repeatedCollection" : {
                  "type" : "variable",
                  "value" : "tareasbyname"
                }
              },
              "reference" : "cd314069-deb3-475a-9630-0a2014b3c380",
              "hasValidationError" : false,
              "id" : "pbContainer",
              "rows" : [
                [
                  {
                    "type" : "component",
                    "dimension" : {
                      "xs" : 12
                    },
                    "propertyValues" : {
                      "cssClasses" : {
                        "type" : "constant",
                        "value" : ""
                      },
                      "hidden" : {
                        "type" : "constant",
                        "value" : false
                      },
                      "labelHidden" : {
                        "type" : "constant",
                        "value" : true
                      },
                      "label" : {
                        "type" : "interpolation",
                        "value" : "Default label"
                      },
                      "labelPosition" : {
                        "type" : "constant",
                        "value" : "top"
                      },
                      "labelWidth" : {
                        "type" : "constant",
                        "value" : 4
                      },
                      "allowHTML" : {
                        "type" : "constant",
                        "value" : true
                      },
                      "text" : {
                        "type" : "interpolation",
                        "value" : "A continuacion encuentra todos los flujos que estan disponibles para ser retornados"
                      },
                      "alignment" : {
                        "type" : "constant",
                        "value" : "left"
                      }
                    },
                    "reference" : "95a2c67b-692f-4777-994b-52ee9059e98a",
                    "hasValidationError" : false,
                    "id" : "pbText"
                  }
                ],
                [
                  {
                    "type" : "component",
                    "dimension" : {
                      "xs" : 12
                    },
                    "propertyValues" : {
                      "cssClasses" : {
                        "type" : "constant",
                        "value" : ""
                      },
                      "hidden" : {
                        "type" : "constant",
                        "value" : false
                      },
                      "text" : {
                        "type" : "interpolation",
                        "value" : "{{$item.name}}  No caso : {{$item.rootCaseId}}"
                      },
                      "type" : {
                        "type" : "constant",
                        "value" : "task"
                      },
                      "targetUrl" : {
                        "type" : "constant",
                        "value" : "http://"
                      },
                      "pageToken" : {
                        "type" : "constant"
                      },
                      "processName" : {
                        "type" : "constant"
                      },
                      "processVersion" : {
                        "type" : "constant"
                      },
                      "taskId" : {
                        "type" : "expression",
                        "value" : "$item.id"
                      },
                      "caseId" : {
                        "type" : "constant"
                      },
                      "target" : {
                        "type" : "constant",
                        "value" : "_self"
                      },
                      "appToken" : {
                        "type" : "constant"
                      },
                      "urlParams" : {
                        "type" : "constant"
                      },
                      "alignment" : {
                        "type" : "constant",
                        "value" : "left"
                      },
                      "buttonStyle" : {
                        "type" : "constant",
                        "value" : "link"
                      }
                    },
                    "reference" : "c7d2afb7-2a74-4e1d-9b83-d7fbe9ba938d",
                    "hasValidationError" : false,
                    "id" : "pbLink"
                  }
                ]
              ]
            }
          ]
        ]
      }
    ]
  ],
  "assets" : [
    {
      "id" : "55cecb4e-b96f-49c8-81d5-8cee01be503b",
      "name" : "style.css",
      "type" : "css",
      "order" : 0,
      "external" : false
    }
  ],
  "inactiveAssets" : [ ],
  "variables" : {
    "Placa" : {
      "type" : "constant",
      "exposed" : false
    },
    "flujo" : {
      "type" : "businessdata",
      "value" : [
        "{\"displayValue\":\"qrFlujoPlacaActivo [com.company.model.Flujo]\",\"businessObjectName\":\"Flujo\",\"query\":{\"name\":\"qrFlujoPlacaActivo\",\"displayName\":\"qrFlujoPlacaActivo\"},\"id\":\"com.company.model.Flujo\",\"filters\":[{\"name\":\"PLACA\",\"type\":\"STRING\",\"collection\":false,\"value\":\"{{Placa}}\"},{\"name\":\"ESTADO_FLUJO\",\"type\":\"STRING\",\"collection\":false,\"value\":\"I\"}],\"pagination\":{\"p\":\"0\",\"c\":\"10\"}}"
      ],
      "exposed" : false
    },
    "Selected" : {
      "type" : "constant",
      "exposed" : false
    },
    "tareasbyname" : {
      "type" : "url",
      "value" : [
        "../API/bpm/humanTask?c=10&p=0&f=name=Retorno%20de%20Flujo%20&f=rootCaseId={{Selected.codigo_caso}}"
      ],
      "exposed" : false
    }
  },
  "hasValidationError" : false,
  "uuid" : "5c28126a-553f-4076-a4a7-c2a2cfa911e6",
  "type" : "page",
  "description" : "Page generated with Bonita UI designer"
}